lnp_id,paper_doi,paper_title,transfection_pctile,size_mean,pdi_mean,ee_mean,category_primary,4D_penalty_50_150,4D_penalty_60_150_primary,4D_penalty_60_200,3D_in_band_50_150,3D_in_band_60_150_primary,3D_in_band_60_200,n_scenarios_selected,selected_in_primary_4d,selected_in_primary_in_band_3d
117,https://doi.org/10.1016/j.ymthe.2018.03.010,A Novel Amino Lipid Series for mRNA Delivery: Improved Endosomal Escape and Sustained Pharmacology and Safety in Non-human Primates,0.6,86.2,0.04,97.5,Potent + Developable,True,True,True,True,True,True,6,True,True
446,10.1002/anie.201809056,Customizable Lipid Nanoparticle Materials for the Delivery of siRNAs and mRNAs,1.0,59.0,0.041,99.0,Potent only,True,True,True,True,False,False,4,True,False
513,https://doi.org/10.34133/bmr.0017,Development of Lipid Nanoparticle Formulation for the Repeated Administration of mRNA Therapeutics,1.0,78.37,0.074,89.5,Potent + Developable,False,True,True,False,True,True,4,True,True
1089,https://dx.doi.org/10.1021/acs.nanolett.0c01386,Deconvoluting Lipid Nanoparticle Structure for Messenger RNA Delivery,1.0,90.0,0.08,92.0,Potent + Developable,False,True,True,False,True,True,4,True,True
122,https://doi.org/10.1016/j.ymthe.2018.03.010,A Novel Amino Lipid Series for mRNA Delivery: Improved Endosomal Escape and Sustained Pharmacology and Safety in Non-human Primates,1.0,69.6,0.14,98.3,Potent + Developable,False,True,True,False,True,True,4,True,True
116,https://doi.org/10.1016/j.ymthe.2018.03.010,A Novel Amino Lipid Series for mRNA Delivery: Improved Endosomal Escape and Sustained Pharmacology and Safety in Non-human Primates,0.6,73.1,0.07,97.6,Potent + Developable,False,True,True,False,True,True,4,True,True
435,10.1002/anie.201809056,Customizable Lipid Nanoparticle Materials for the Delivery of siRNAs and mRNAs,0.375,96.0,0.046,99.0,Developable only,False,True,True,False,True,True,4,True,True
935,https://doi.org/10.1248/cpb.c24-00089,Understanding the Manufacturing Process of Lipid Nanoparticles for mRNA Delivery Using Machine Learning,0.9,200.0,0.058,97.0,Potent only,False,False,True,False,False,True,2,False,False
509,https://doi.org/10.34133/bmr.0017,Development of Lipid Nanoparticle Formulation for the Repeated Administration of mRNA Therapeutics,0.8,71.48,0.106,92.3,Potent + Developable,False,True,False,False,True,False,2,True,True
625,10.1021/jacs.2c12893,Ionizable Lipid Nanoparticles for In Vivo mRNA Delivery to the Placenta during Pregnancy,1.0,93.44,0.16,94.86,Potent + Developable,False,False,False,False,False,False,0,False,False
946,https://doi.org/10.1038/s41467-020-16248-y,Synergistic lipid compositions for albumin receptor mediated delivery of mRNA to the liver,1.0,86.7,0.17,65.5,Potent only,False,False,False,False,False,False,0,False,False
864,https://doi.org/10.1016/j.jconrel.2025.01.071,Role of PEGylated lipid in lipid nanoparticle formulation for in vitro and in vivo delivery of mRNA vaccines,1.0,65.0,0.2,80.0,Potent only,False,False,False,False,False,False,0,False,False
110,10.1021/acs.nanolett.5b02497,Optimization of Lipid Nanoparticle Formulations for mRNA Delivery in vivo with Fractional Factorial and Definitive Screening Designs,1.0,82.0,0.221,48.0,Potent only,False,False,False,False,False,False,0,False,False
179,10.1126/sciadv.abc2315,Functionalized lipid-like nanoparticles for in vivo mRNA delivery and base editing,1.0,86.0,0.25,91.0,Potent + Developable,False,False,False,False,False,False,0,False,False
580,10.1002/jbm.a.37705,Influence of ionizable lipid tail length on lipid nanoparticle delivery of mRNA of varying length,1.0,108.0,0.33,68.0,Potent only,False,False,False,False,False,False,0,False,False
959,https://doi.org/10.1038/s41587-019-0247-3,Delivery of mRNA vaccines with heterocyclic lipids increases anti-tumor efficacy by STING-mediated immune cell activation,0.9883720930232558,87.6,0.2,45.5,Potent only,False,False,False,False,False,False,0,False,False
990,https://doi.org/10.1038/s41587-019-0247-3,Delivery of mRNA vaccines with heterocyclic lipids increases anti-tumor efficacy by STING-mediated immune cell activation,0.9883720930232558,87.6,0.2,45.5,Potent only,False,False,False,False,False,False,0,False,False
962,https://doi.org/10.1038/s41587-019-0247-3,Delivery of mRNA vaccines with heterocyclic lipids increases anti-tumor efficacy by STING-mediated immune cell activation,0.9534883720930232,101.0,0.2,60.6,Potent only,False,False,False,False,False,False,0,False,False
983,https://doi.org/10.1038/s41587-019-0247-3,Delivery of mRNA vaccines with heterocyclic lipids increases anti-tumor efficacy by STING-mediated immune cell activation,0.9302325581395348,102.5,0.2,60.3,Potent only,False,False,False,False,False,False,0,False,False
981,https://doi.org/10.1038/s41587-019-0247-3,Delivery of mRNA vaccines with heterocyclic lipids increases anti-tumor efficacy by STING-mediated immune cell activation,0.9069767441860463,102.5,0.2,60.3,Potent only,False,False,False,False,False,False,0,False,False
936,https://doi.org/10.1248/cpb.c24-00089,Understanding the Manufacturing Process of Lipid Nanoparticles for mRNA Delivery Using Machine Learning,0.9,186.0,0.072,97.0,Potent only,False,False,False,False,False,False,0,False,False
992,https://doi.org/10.1038/s41587-019-0247-3,Delivery of mRNA vaccines with heterocyclic lipids increases anti-tumor efficacy by STING-mediated immune cell activation,0.8837209302325582,88.6,0.2,65.6,Potent only,False,False,False,False,False,False,0,False,False
55,10.1126/sciadv.abf4398,Engineered ionizable lipid nanoparticles for targeted delivery of RNA therapeutics into different types of cells in the liver,0.875,68.0,0.127,90.1,Potent + Developable,False,False,False,False,False,False,0,False,False
971,https://doi.org/10.1038/s41587-019-0247-3,Delivery of mRNA vaccines with heterocyclic lipids increases anti-tumor efficacy by STING-mediated immune cell activation,0.8604651162790697,84.9,0.2,64.3,Potent only,False,False,False,False,False,False,0,False,False
960,https://doi.org/10.1038/s41587-019-0247-3,Delivery of mRNA vaccines with heterocyclic lipids increases anti-tumor efficacy by STING-mediated immune cell activation,0.8372093023255814,99.9,0.1,61.3,Potent only,False,False,False,False,False,False,0,False,False
961,https://doi.org/10.1038/s41587-019-0247-3,Delivery of mRNA vaccines with heterocyclic lipids increases anti-tumor efficacy by STING-mediated immune cell activation,0.813953488372093,76.9,0.2,55.3,Potent only,False,False,False,False,False,False,0,False,False
582,10.1002/jbm.a.37705,Influence of ionizable lipid tail length on lipid nanoparticle delivery of mRNA of varying length,0.8125,95.0,0.21,58.0,Potent only,False,False,False,False,False,False,0,False,False
575,10.1002/jbm.a.37705,Influence of ionizable lipid tail length on lipid nanoparticle delivery of mRNA of varying length,0.8125,120.0,0.28,47.0,Potent only,False,False,False,False,False,False,0,False,False
968,https://doi.org/10.1038/s41587-019-0247-3,Delivery of mRNA vaccines with heterocyclic lipids increases anti-tumor efficacy by STING-mediated immune cell activation,0.7906976744186046,95.9,0.2,59.5,Potent only,False,False,False,False,False,False,0,False,False
984,https://doi.org/10.1038/s41587-019-0247-3,Delivery of mRNA vaccines with heterocyclic lipids increases anti-tumor efficacy by STING-mediated immune cell activation,0.7674418604651163,110.6,0.1,50.4,Potent only,False,False,False,False,False,False,0,False,False
444,10.1002/anie.201809056,Customizable Lipid Nanoparticle Materials for the Delivery of siRNAs and mRNAs,0.75,59.0,0.055,99.0,Potent only,False,False,False,False,False,False,0,False,False
782,10.1002/btm2.10580,Optimization of ionizable lipids for aerosolizable mRNA lipid nanoparticles,0.75,109.8,0.162,93.9,Potent + Developable,False,False,False,False,False,False,0,False,False
985,https://doi.org/10.1038/s41587-019-0247-3,Delivery of mRNA vaccines with heterocyclic lipids increases anti-tumor efficacy by STING-mediated immune cell activation,0.7441860465116279,105.5,0.2,60.3,Potent only,False,False,False,False,False,False,0,False,False
973,https://doi.org/10.1038/s41587-019-0247-3,Delivery of mRNA vaccines with heterocyclic lipids increases anti-tumor efficacy by STING-mediated immune cell activation,0.7209302325581395,84.9,0.2,57.5,Potent only,False,False,False,False,False,False,0,False,False
866,https://doi.org/10.1016/j.jconrel.2025.01.071,Role of PEGylated lipid in lipid nanoparticle formulation for in vitro and in vivo delivery of mRNA vaccines,0.7142857142857143,65.0,0.2,80.0,Potent only,False,False,False,False,False,False,0,False,False
1091,https://dx.doi.org/10.1021/acs.nanolett.0c01386,Deconvoluting Lipid Nanoparticle Structure for Messenger RNA Delivery,0.7,95.0,0.1,88.0,Potent + Developable,False,False,False,False,False,False,0,False,False
1092,https://dx.doi.org/10.1021/acs.nanolett.0c01386,Deconvoluting Lipid Nanoparticle Structure for Messenger RNA Delivery,0.7,100.0,0.12,85.0,Potent + Developable,False,False,False,False,False,False,0,False,False
991,https://doi.org/10.1038/s41587-019-0247-3,Delivery of mRNA vaccines with heterocyclic lipids increases anti-tumor efficacy by STING-mediated immune cell activation,0.6976744186046512,140.6,0.1,55.5,Potent only,False,False,False,False,False,False,0,False,False
975,https://doi.org/10.1038/s41587-019-0247-3,Delivery of mRNA vaccines with heterocyclic lipids increases anti-tumor efficacy by STING-mediated immune cell activation,0.6744186046511628,94.9,0.3,21.7,Potent only,False,False,False,False,False,False,0,False,False
779,10.1002/btm2.10580,Optimization of ionizable lipids for aerosolizable mRNA lipid nanoparticles,0.6666666666666666,109.9,0.154,92.8,Potent + Developable,False,False,False,False,False,False,0,False,False
987,https://doi.org/10.1038/s41587-019-0247-3,Delivery of mRNA vaccines with heterocyclic lipids increases anti-tumor efficacy by STING-mediated immune cell activation,0.6511627906976745,112.5,0.1,54.5,Potent only,False,False,False,False,False,False,0,False,False
986,https://doi.org/10.1038/s41587-019-0247-3,Delivery of mRNA vaccines with heterocyclic lipids increases anti-tumor efficacy by STING-mediated immune cell activation,0.627906976744186,108.6,0.2,45.5,Potent only,False,False,False,False,False,False,0,False,False
574,10.1002/jbm.a.37705,Influence of ionizable lipid tail length on lipid nanoparticle delivery of mRNA of varying length,0.625,105.0,0.3,65.0,Potent only,False,False,False,False,False,False,0,False,False
120,https://doi.org/10.1016/j.ymthe.2018.03.010,A Novel Amino Lipid Series for mRNA Delivery: Improved Endosomal Escape and Sustained Pharmacology and Safety in Non-human Primates,0.6,85.8,0.1,95.8,Potent + Developable,False,False,False,False,False,False,0,False,False
512,https://doi.org/10.34133/bmr.0017,Development of Lipid Nanoparticle Formulation for the Repeated Administration of mRNA Therapeutics,0.6,68.29,0.11,91.1,Potent + Developable,False,False,False,False,False,False,0,False,False
932,https://doi.org/10.1248/cpb.c24-00089,Understanding the Manufacturing Process of Lipid Nanoparticles for mRNA Delivery Using Machine Learning,0.6,213.5,0.22,66.5,Potent only,False,False,False,False,False,False,0,False,False
781,10.1002/btm2.10580,Optimization of ionizable lipids for aerosolizable mRNA lipid nanoparticles,0.5833333333333334,123.3,0.153,87.2,Potent + Developable,False,False,False,False,False,False,0,False,False
976,https://doi.org/10.1038/s41587-019-0247-3,Delivery of mRNA vaccines with heterocyclic lipids increases anti-tumor efficacy by STING-mediated immune cell activation,0.5813953488372093,91.8,0.2,70.2,Potent only,False,False,False,False,False,False,0,False,False
970,https://doi.org/10.1038/s41587-019-0247-3,Delivery of mRNA vaccines with heterocyclic lipids increases anti-tumor efficacy by STING-mediated immune cell activation,0.5813953488372093,94.0,0.2,68.1,Potent only,False,False,False,False,False,False,0,False,False
982,https://doi.org/10.1038/s41587-019-0247-3,Delivery of mRNA vaccines with heterocyclic lipids increases anti-tumor efficacy by STING-mediated immune cell activation,0.5813953488372093,119.8,0.3,79.0,Potent only,False,False,False,False,False,False,0,False,False
622,10.1021/jacs.2c12893,Ionizable Lipid Nanoparticles for In Vivo mRNA Delivery to the Placenta during Pregnancy,0.5555555555555556,106.97,0.1,94.84,Potent + Developable,False,False,False,False,False,False,0,False,False
624,10.1021/jacs.2c12893,Ionizable Lipid Nanoparticles for In Vivo mRNA Delivery to the Placenta during Pregnancy,0.5555555555555556,97.96,0.11,88.11,Potent + Developable,False,False,False,False,False,False,0,False,False
629,10.1021/jacs.2c12893,Ionizable Lipid Nanoparticles for In Vivo mRNA Delivery to the Placenta during Pregnancy,0.5555555555555556,94.61,0.12,84.45,Potent + Developable,False,False,False,False,False,False,0,False,False
623,10.1021/jacs.2c12893,Ionizable Lipid Nanoparticles for In Vivo mRNA Delivery to the Placenta during Pregnancy,0.5555555555555556,100.77,0.13,89.74,Potent + Developable,False,False,False,False,False,False,0,False,False
627,10.1021/jacs.2c12893,Ionizable Lipid Nanoparticles for In Vivo mRNA Delivery to the Placenta during Pregnancy,0.5555555555555556,114.57,0.13,75.34,Potent only,False,False,False,False,False,False,0,False,False
633,10.1021/jacs.2c12893,Ionizable Lipid Nanoparticles for In Vivo mRNA Delivery to the Placenta during Pregnancy,0.5555555555555556,102.97,0.13,73.75,Potent only,False,False,False,False,False,False,0,False,False
630,10.1021/jacs.2c12893,Ionizable Lipid Nanoparticles for In Vivo mRNA Delivery to the Placenta during Pregnancy,0.5555555555555556,101.1,0.14,77.28,Potent only,False,False,False,False,False,False,0,False,False
626,10.1021/jacs.2c12893,Ionizable Lipid Nanoparticles for In Vivo mRNA Delivery to the Placenta during Pregnancy,0.5555555555555556,116.6,0.19,93.77,Potent + Developable,False,False,False,False,False,False,0,False,False
634,10.1021/jacs.2c12893,Ionizable Lipid Nanoparticles for In Vivo mRNA Delivery to the Placenta during Pregnancy,0.5555555555555556,129.77,0.24,71.51,Potent only,False,False,False,False,False,False,0,False,False
963,https://doi.org/10.1038/s41587-019-0247-3,Delivery of mRNA vaccines with heterocyclic lipids increases anti-tumor efficacy by STING-mediated immune cell activation,0.5348837209302325,259.6,0.3,25.5,Potent only,False,False,False,False,False,False,0,False,False
989,https://doi.org/10.1038/s41587-019-0247-3,Delivery of mRNA vaccines with heterocyclic lipids increases anti-tumor efficacy by STING-mediated immune cell activation,0.5116279069767442,115.6,0.2,76.5,Potent only,False,False,False,False,False,False,0,False,False
948,https://doi.org/10.1038/s41467-020-16248-y,Synergistic lipid compositions for albumin receptor mediated delivery of mRNA to the liver,0.5,99.5,0.07,72.5,Neither,False,False,False,False,False,False,0,False,False
635,10.1021/jacs.2c12893,Ionizable Lipid Nanoparticles for In Vivo mRNA Delivery to the Placenta during Pregnancy,0.5,82.11,0.11,88.31,Developable only,False,False,False,False,False,False,0,False,False
109,10.1021/acs.nanolett.5b02497,Optimization of Lipid Nanoparticle Formulations for mRNA Delivery in vivo with Fractional Factorial and Definitive Screening Designs,0.5,113.0,0.147,27.0,Neither,False,False,False,False,False,False,0,False,False
780,10.1002/btm2.10580,Optimization of ionizable lipids for aerosolizable mRNA lipid nanoparticles,0.5,112.9,0.152,93.4,Developable only,False,False,False,False,False,False,0,False,False
974,https://doi.org/10.1038/s41587-019-0247-3,Delivery of mRNA vaccines with heterocyclic lipids increases anti-tumor efficacy by STING-mediated immune cell activation,0.4767441860465116,108.7,0.1,65.2,Neither,False,False,False,False,False,False,0,False,False
972,https://doi.org/10.1038/s41587-019-0247-3,Delivery of mRNA vaccines with heterocyclic lipids increases anti-tumor efficacy by STING-mediated immune cell activation,0.4767441860465116,127.8,0.2,57.2,Neither,False,False,False,False,False,False,0,False,False
966,https://doi.org/10.1038/s41587-019-0247-3,Delivery of mRNA vaccines with heterocyclic lipids increases anti-tumor efficacy by STING-mediated immune cell activation,0.4418604651162791,167.9,0.2,22.5,Neither,False,False,False,False,False,False,0,False,False
863,https://doi.org/10.1016/j.jconrel.2025.01.071,Role of PEGylated lipid in lipid nanoparticle formulation for in vitro and in vivo delivery of mRNA vaccines,0.4285714285714285,70.0,0.2,80.0,Neither,False,False,False,False,False,False,0,False,False
967,https://doi.org/10.1038/s41587-019-0247-3,Delivery of mRNA vaccines with heterocyclic lipids increases anti-tumor efficacy by STING-mediated immune cell activation,0.4186046511627907,122.4,0.3,96.4,Neither,False,False,False,False,False,False,0,False,False
1090,https://dx.doi.org/10.1021/acs.nanolett.0c01386,Deconvoluting Lipid Nanoparticle Structure for Messenger RNA Delivery,0.4,85.0,0.07,90.0,Developable only,False,False,False,False,False,False,0,False,False
510,https://doi.org/10.34133/bmr.0017,Development of Lipid Nanoparticle Formulation for the Repeated Administration of mRNA Therapeutics,0.4,82.84,0.079,92.9,Developable only,False,False,False,False,False,False,0,False,False
965,https://doi.org/10.1038/s41587-019-0247-3,Delivery of mRNA vaccines with heterocyclic lipids increases anti-tumor efficacy by STING-mediated immune cell activation,0.3953488372093023,137.9,0.2,57.9,Neither,False,False,False,False,False,False,0,False,False
433,10.1002/anie.201809056,Customizable Lipid Nanoparticle Materials for the Delivery of siRNAs and mRNAs,0.375,93.0,0.047,98.0,Developable only,False,False,False,False,False,False,0,False,False
988,https://doi.org/10.1038/s41587-019-0247-3,Delivery of mRNA vaccines with heterocyclic lipids increases anti-tumor efficacy by STING-mediated immune cell activation,0.3604651162790697,94.8,0.1,75.5,Neither,False,False,False,False,False,False,0,False,False
978,https://doi.org/10.1038/s41587-019-0247-3,Delivery of mRNA vaccines with heterocyclic lipids increases anti-tumor efficacy by STING-mediated immune cell activation,0.3604651162790697,83.2,0.3,41.3,Neither,False,False,False,False,False,False,0,False,False
783,10.1002/btm2.10580,Optimization of ionizable lipids for aerosolizable mRNA lipid nanoparticles,0.3333333333333333,111.2,0.172,89.8,Developable only,False,False,False,False,False,False,0,False,False
964,https://doi.org/10.1038/s41587-019-0247-3,Delivery of mRNA vaccines with heterocyclic lipids increases anti-tumor efficacy by STING-mediated immune cell activation,0.3255813953488372,115.9,0.3,64.7,Neither,False,False,False,False,False,False,0,False,False
577,10.1002/jbm.a.37705,Influence of ionizable lipid tail length on lipid nanoparticle delivery of mRNA of varying length,0.3125,90.0,0.16,62.0,Neither,False,False,False,False,False,False,0,False,False
576,10.1002/jbm.a.37705,Influence of ionizable lipid tail length on lipid nanoparticle delivery of mRNA of varying length,0.3125,85.0,0.18,95.0,Developable only,False,False,False,False,False,False,0,False,False
579,10.1002/jbm.a.37705,Influence of ionizable lipid tail length on lipid nanoparticle delivery of mRNA of varying length,0.3125,88.0,0.19,74.0,Neither,False,False,False,False,False,False,0,False,False
578,10.1002/jbm.a.37705,Influence of ionizable lipid tail length on lipid nanoparticle delivery of mRNA of varying length,0.3125,82.0,0.22,87.0,Developable only,False,False,False,False,False,False,0,False,False
977,https://doi.org/10.1038/s41587-019-0247-3,Delivery of mRNA vaccines with heterocyclic lipids increases anti-tumor efficacy by STING-mediated immune cell activation,0.3023255813953488,129.4,0.2,53.9,Neither,False,False,False,False,False,False,0,False,False
934,https://doi.org/10.1248/cpb.c24-00089,Understanding the Manufacturing Process of Lipid Nanoparticles for mRNA Delivery Using Machine Learning,0.3,77.0,0.081,96.0,Developable only,False,False,False,False,False,False,0,False,False
933,https://doi.org/10.1248/cpb.c24-00089,Understanding the Manufacturing Process of Lipid Nanoparticles for mRNA Delivery Using Machine Learning,0.3,83.0,0.121,96.0,Developable only,False,False,False,False,False,False,0,False,False
969,https://doi.org/10.1038/s41587-019-0247-3,Delivery of mRNA vaccines with heterocyclic lipids increases anti-tumor efficacy by STING-mediated immune cell activation,0.2790697674418604,72.3,0.2,56.4,Neither,False,False,False,False,False,False,0,False,False
979,https://doi.org/10.1038/s41587-019-0247-3,Delivery of mRNA vaccines with heterocyclic lipids increases anti-tumor efficacy by STING-mediated immune cell activation,0.2558139534883721,110.7,0.1,98.9,Developable only,False,False,False,False,False,False,0,False,False
54,10.1126/sciadv.abf4398,Engineered ionizable lipid nanoparticles for targeted delivery of RNA therapeutics into different types of cells in the liver,0.25,97.0,0.064,88.3,Developable only,False,False,False,False,False,False,0,False,False
784,10.1002/btm2.10580,Optimization of ionizable lipids for aerosolizable mRNA lipid nanoparticles,0.25,108.1,0.166,91.2,Developable only,False,False,False,False,False,False,0,False,False
980,https://doi.org/10.1038/s41587-019-0247-3,Delivery of mRNA vaccines with heterocyclic lipids increases anti-tumor efficacy by STING-mediated immune cell activation,0.2325581395348837,154.9,0.1,9.4,Neither,False,False,False,False,False,False,0,False,False
953,https://doi.org/10.1038/s41587-019-0247-3,Delivery of mRNA vaccines with heterocyclic lipids increases anti-tumor efficacy by STING-mediated immune cell activation,0.2093023255813953,95.9,0.166,67.6,Neither,False,False,False,False,False,False,0,False,False
1088,https://dx.doi.org/10.1021/acs.nanolett.0c01386,Deconvoluting Lipid Nanoparticle Structure for Messenger RNA Delivery,0.2,80.0,0.05,95.0,Developable only,False,False,False,False,False,False,0,False,False
511,https://doi.org/10.34133/bmr.0017,Development of Lipid Nanoparticle Formulation for the Repeated Administration of mRNA Therapeutics,0.2,69.41,0.077,91.7,Developable only,False,False,False,False,False,False,0,False,False
113,https://doi.org/10.1016/j.ymthe.2018.03.010,A Novel Amino Lipid Series for mRNA Delivery: Improved Endosomal Escape and Sustained Pharmacology and Safety in Non-human Primates,0.2,93.8,0.14,96.9,Developable only,False,False,False,False,False,False,0,False,False
954,https://doi.org/10.1038/s41587-019-0247-3,Delivery of mRNA vaccines with heterocyclic lipids increases anti-tumor efficacy by STING-mediated immune cell activation,0.1860465116279069,97.9,0.125,61.2,Neither,False,False,False,False,False,False,0,False,False
778,10.1002/btm2.10580,Optimization of ionizable lipids for aerosolizable mRNA lipid nanoparticles,0.1666666666666666,118.9,0.168,91.5,Developable only,False,False,False,False,False,False,0,False,False
952,https://doi.org/10.1038/s41587-019-0247-3,Delivery of mRNA vaccines with heterocyclic lipids increases anti-tumor efficacy by STING-mediated immune cell activation,0.1627906976744186,89.6,0.159,63.4,Neither,False,False,False,False,False,False,0,False,False
865,https://doi.org/10.1016/j.jconrel.2025.01.071,Role of PEGylated lipid in lipid nanoparticle formulation for in vitro and in vivo delivery of mRNA vaccines,0.1428571428571428,65.0,0.2,80.0,Neither,False,False,False,False,False,False,0,False,False
956,https://doi.org/10.1038/s41587-019-0247-3,Delivery of mRNA vaccines with heterocyclic lipids increases anti-tumor efficacy by STING-mediated immune cell activation,0.1395348837209302,95.9,0.21,67.5,Neither,False,False,False,False,False,False,0,False,False
951,https://doi.org/10.1038/s41587-019-0247-3,Delivery of mRNA vaccines with heterocyclic lipids increases anti-tumor efficacy by STING-mediated immune cell activation,0.1162790697674418,86.9,0.205,61.2,Neither,False,False,False,False,False,False,0,False,False
950,https://doi.org/10.1038/s41587-019-0247-3,Delivery of mRNA vaccines with heterocyclic lipids increases anti-tumor efficacy by STING-mediated immune cell activation,0.0930232558139534,87.9,0.135,68.4,Neither,False,False,False,False,False,False,0,False,False
785,10.1002/btm2.10580,Optimization of ionizable lipids for aerosolizable mRNA lipid nanoparticles,0.0833333333333333,113.9,0.174,88.7,Developable only,False,False,False,False,False,False,0,False,False
957,https://doi.org/10.1038/s41587-019-0247-3,Delivery of mRNA vaccines with heterocyclic lipids increases anti-tumor efficacy by STING-mediated immune cell activation,0.0697674418604651,92.3,0.197,67.8,Neither,False,False,False,False,False,False,0,False,False
955,https://doi.org/10.1038/s41587-019-0247-3,Delivery of mRNA vaccines with heterocyclic lipids increases anti-tumor efficacy by STING-mediated immune cell activation,0.0465116279069767,92.4,0.176,67.2,Neither,False,False,False,False,False,False,0,False,False
949,https://doi.org/10.1038/s41587-019-0247-3,Delivery of mRNA vaccines with heterocyclic lipids increases anti-tumor efficacy by STING-mediated immune cell activation,0.0232558139534883,99.9,0.145,77.0,Neither,False,False,False,False,False,False,0,False,False
