lnp_id,ionizable_lipid,helper_lipid,sterol_lipid,peg_lipid,lipid_molar_ratio,target_type,nucleic_acid_sequence,ionizable_lipid_smiles,helper_lipid_smiles,sterol_lipid_smiles,peg_lipid_smiles,size_mean,size_sd,size_flag,pdi_mean,pdi_sd,pdi_flag,ee_mean,ee_sd,ee_flag,zeta_mean,zeta_sd,zeta_flag,ratio_type,ratio_value,ratio_cargo,synthesis_info,bioactivity_profile,transfection_raw,transfection_unit,transfection_pctile,paper_doi,paper_title,paper_authors,paper_journal,paper_year,ionizable_lipid_original,helper_lipid_original,sterol_lipid_original,peg_lipid_original,mol_pct_ionizable,mol_pct_helper,mol_pct_sterol,mol_pct_peg,parse_method,parse_confidence,ratio_sum,ratio_sum_deviation_from_100,ratio_values_complete,ratio_values_nonnegative,ratio_values_at_most_100,ratio_sum_near_100,ratio_model_eligible,ratio_review_needed
226,DLin-MC3-DMA,DSPC,cholesterol,C14-PEG2000,25:0.75:19.25:5,mRNA,"cre_recombinase, cas9, vegfr2",CCCCC/C=C\C/C=C\CCCCCCCCC(OC(=O)CCCN(C)C)CCCCCCCC/C=C\C/C=C\CCCCC,CCCCCCCCCCCCCCCCCC(=O)OC[C@H](COP(=O)([O-])OCC[N+](C)(C)C)OC(=O)CCCCCCCCCCCCCCCCC,C[C@H](CCCC(C)C)[C@H]1CC[C@@H]2[C@@]1(CC[C@H]3[C@H]2CC=C4[C@@]3(CC[C@@H](C4)O)C)C,CCCCCCCCCCCCCCOC(=O)CCOCCOCCOCCOCCOCCOCCOCCOCCOCCOCCOCCOCCOCCOCCOCCOCCOCCOCCOCCOCCOCCOCCOCCOCCOCCOCCOCCOCCOCCOCCOCCOCCOCCOCCOCCOCCOCCOCCOCCOCCOCCOCCOCCOCCOCCOCCOCCOCCOCCOCCOCCOCCOCCOCCOCCOCCOCCOCCOCCOCCOCCOCCOCCOCCOCCOCCOCCOCCOCCOCCOCCOCCOCCOCCOCCOCCOCCOCCOCCOCCOCCOCCOCCOCCOCCOCCOCCOCCOCCO,,,,,,,,,,,,,,,,synthesis_method: Similar to CAD LNPs; device_used: Similar to CAD LNPs; total_flow_rate_ml_min: ; flow_rate_ratio: ; aqueous_phase_composition: ; organic_phase_composition: ; mixing_time_sec: ; temperature_condition: ; post_processing: ; sterilization: ; storage_buffer: ,"animal_model: Ai14 mice, LLC-GFP lung tumor model; administration_route: intravenous (IV); dose: 0.3 mg/kg Cre mRNA, 4.0 mg/kg Cas9 mRNA/VEGFR2 sgRNA; gene_expression_result: Gold standard lung-tropic LNP control, lower performance than LNP-CAD9; biodistribution_result: Lung-targeted delivery",9.0,numeric,,https://doi.org/10.1038/s41467-024-45422-9,"High-throughput barcoding of nanoparticles identifies cationic, degradable lipid-like materials for mRNA delivery to the lungs in female preclinical models","['Lulu Xue', 'Alex G. Hamilton', 'Gan Zhao', 'Zebin Xiao', 'Rakan El-Mayta', 'Xuexiang Han', 'Ningqiang Gong', 'Xinhong Xiong', 'Junchao Xu', 'Christian G. Figueroa-Espada', 'Sarah J. Shepherd', 'Alvin J. Mukalel', 'Mohamad-Gabriel Alameh', 'Jiaxi Cui', 'Karin Wang', 'Andrew E. Vaughan', 'Drew Weissman', 'Michael J. Mitchell']",Nature Communications,2024.0,MC3,DSPC,cholesterol,C14PEG2K,25.0,5.0,19.25,0.75,doi_lookup,high,50.0,50.0,True,True,True,False,False,True
757,AX4,DSPC,cholesterol,DMG-PEG2000,50:10:38.5:3,mRNA,firefly_luciferase,O=C(CCN(CCCN(CCCN(CCC(OCCCCOC(C(CCCCCC)CCCC)=O)=O)CCC(OCCCCOC(C(CCCCCC)CCCC)=O)=O)C)CCC(OCCCCOC(C(CCCCCC)CCCC)=O)=O)OCCCCOC(C(CCCCCC)CCCC)=O,CCCCCCCCCCCCCCCCCC(=O)OC[C@H](COP(=O)([O-])OCC[N+](C)(C)C)OC(=O)CCCCCCCCCCCCCCCCC,C[C@H](CCCC(C)C)[C@H]1CC[C@@H]2[C@@]1(CC[C@H]3[C@H]2CC=C4[C@@]3(CC[C@@H](C4)O)C)C,CCCCCCCCCCCCCC(=O)OCC(COP(=O)([O-])OCCOCCOCCOCCOCCOCCOCCOCCOCCOCCOCCOCCOCCOCCOCCOCCOCCOCCOCCOCCOCCOCCOCCOCCOCCOCCOCCOCCOCCOCCOCCOCCOCCOCCOCCOCCOCCOCCOCCOCCOCCOCCOCCOCCOCCOCCOCCOCCOCCOCCOCCOCCOCCOCCOCCOCCOCCOCCOCCOCCOCCOCCOCCOCCOCCOCCOCCOCCOCCOCCOCCOCCOCCOCCOCCOCCOCCOCCOCCOCCOCCOCCOCCOCCOCCOCCOCCOCCOCCOCCO)OC(=O)CCCCCCCCCCCCC,97.0,,,0.004,,,96.0,,,-4.2,,,,,,"synthesis_method: Microfluidic mixing; device_used: INano L, Micro&Nano Technology Inc, China; total_flow_rate_ml_min: ; flow_rate_ratio: 3:1 (water:oil); aqueous_phase_composition: 10 mM citrate buffer (pH 4.0); organic_phase_composition: 100% ethanol; mixing_time_sec: ; temperature_condition: ; post_processing: dialysis with 150 mM PBS (pH 7.4) through 100 kDa MWCO; sterilization: ; storage_buffer: 150 mM PBS (pH 7.4)","animal_model: BALB/c mice; administration_route: I.M. and I.T.; dose: 20 ¥ìg mRNA per mouse; gene_expression_result: Luciferase expression measured by IVIS imaging; biodistribution_result: Accumulation in liver, spleen, lungs",,,,https://doi.org/10.1016/j.ijpharm.2023.123050,Optimization of formulation and atomization of lipid nanoparticles for the inhalation of mRNA,"['Hao Miao', 'Ke Huang', 'Yingwen Li', 'Renjie Li', 'Xudong Zhou', 'Jingyu Shi', 'Zhenbo Tong', 'Zhenhua Sun', 'Aibing Yu']",International Journal of Pharmaceutics,2023.0,AX4,DSPC,cholesterol,DMG-PEG2K,50.0,10.0,38.5,3.0,doi_lookup,high,101.5,1.5,True,True,True,False,False,True
758,AX4,DSPC,cholesterol,DMG-PEG2000,50:10:38.5:5,mRNA,firefly_luciferase,O=C(CCN(CCCN(CCCN(CCC(OCCCCOC(C(CCCCCC)CCCC)=O)=O)CCC(OCCCCOC(C(CCCCCC)CCCC)=O)=O)C)CCC(OCCCCOC(C(CCCCCC)CCCC)=O)=O)OCCCCOC(C(CCCCCC)CCCC)=O,CCCCCCCCCCCCCCCCCC(=O)OC[C@H](COP(=O)([O-])OCC[N+](C)(C)C)OC(=O)CCCCCCCCCCCCCCCCC,C[C@H](CCCC(C)C)[C@H]1CC[C@@H]2[C@@]1(CC[C@H]3[C@H]2CC=C4[C@@]3(CC[C@@H](C4)O)C)C,CCCCCCCCCCCCCC(=O)OCC(COP(=O)([O-])OCCOCCOCCOCCOCCOCCOCCOCCOCCOCCOCCOCCOCCOCCOCCOCCOCCOCCOCCOCCOCCOCCOCCOCCOCCOCCOCCOCCOCCOCCOCCOCCOCCOCCOCCOCCOCCOCCOCCOCCOCCOCCOCCOCCOCCOCCOCCOCCOCCOCCOCCOCCOCCOCCOCCOCCOCCOCCOCCOCCOCCOCCOCCOCCOCCOCCOCCOCCOCCOCCOCCOCCOCCOCCOCCOCCOCCOCCOCCOCCOCCOCCOCCOCCOCCOCCOCCOCCOCCOCCO)OC(=O)CCCCCCCCCCCCC,83.0,,,0.03,,,76.0,,,-8.8,,,,,,"synthesis_method: Microfluidic mixing; device_used: INano L, Micro&Nano Technology Inc, China; total_flow_rate_ml_min: ; flow_rate_ratio: 3:1 (water:oil); aqueous_phase_composition: 10 mM citrate buffer (pH 4.0); organic_phase_composition: 100% ethanol; mixing_time_sec: ; temperature_condition: ; post_processing: dialysis with 150 mM PBS (pH 7.4) through 100 kDa MWCO; sterilization: ; storage_buffer: 150 mM PBS (pH 7.4)","animal_model: BALB/c mice; administration_route: I.M. and I.T.; dose: 20 ¥ìg mRNA per mouse; gene_expression_result: Luciferase expression measured by IVIS imaging; biodistribution_result: Accumulation in liver, spleen, lungs",,,,https://doi.org/10.1016/j.ijpharm.2023.123050,Optimization of formulation and atomization of lipid nanoparticles for the inhalation of mRNA,"['Hao Miao', 'Ke Huang', 'Yingwen Li', 'Renjie Li', 'Xudong Zhou', 'Jingyu Shi', 'Zhenbo Tong', 'Zhenhua Sun', 'Aibing Yu']",International Journal of Pharmaceutics,2023.0,AX4,DSPC,cholesterol,DMG-PEG2K,50.0,10.0,38.5,5.0,doi_lookup,high,103.5,3.5,True,True,True,False,False,True
759,AX4,DSPC,cholesterol,DMG-PEG2000,50:10:38.5:10,mRNA,firefly_luciferase,O=C(CCN(CCCN(CCCN(CCC(OCCCCOC(C(CCCCCC)CCCC)=O)=O)CCC(OCCCCOC(C(CCCCCC)CCCC)=O)=O)C)CCC(OCCCCOC(C(CCCCCC)CCCC)=O)=O)OCCCCOC(C(CCCCCC)CCCC)=O,CCCCCCCCCCCCCCCCCC(=O)OC[C@H](COP(=O)([O-])OCC[N+](C)(C)C)OC(=O)CCCCCCCCCCCCCCCCC,C[C@H](CCCC(C)C)[C@H]1CC[C@@H]2[C@@]1(CC[C@H]3[C@H]2CC=C4[C@@]3(CC[C@@H](C4)O)C)C,CCCCCCCCCCCCCC(=O)OCC(COP(=O)([O-])OCCOCCOCCOCCOCCOCCOCCOCCOCCOCCOCCOCCOCCOCCOCCOCCOCCOCCOCCOCCOCCOCCOCCOCCOCCOCCOCCOCCOCCOCCOCCOCCOCCOCCOCCOCCOCCOCCOCCOCCOCCOCCOCCOCCOCCOCCOCCOCCOCCOCCOCCOCCOCCOCCOCCOCCOCCOCCOCCOCCOCCOCCOCCOCCOCCOCCOCCOCCOCCOCCOCCOCCOCCOCCOCCOCCOCCOCCOCCOCCOCCOCCOCCOCCOCCOCCOCCOCCOCCOCCO)OC(=O)CCCCCCCCCCCCC,78.0,,,0.05,,,42.0,,,-3.1,,,,,,"synthesis_method: Microfluidic mixing; device_used: INano L, Micro&Nano Technology Inc, China; total_flow_rate_ml_min: ; flow_rate_ratio: 3:1 (water:oil); aqueous_phase_composition: 10 mM citrate buffer (pH 4.0); organic_phase_composition: 100% ethanol; mixing_time_sec: ; temperature_condition: ; post_processing: dialysis with 150 mM PBS (pH 7.4) through 100 kDa MWCO; sterilization: ; storage_buffer: 150 mM PBS (pH 7.4)","animal_model: BALB/c mice; administration_route: I.M. and I.T.; dose: 20 ¥ìg mRNA per mouse; gene_expression_result: Luciferase expression measured by IVIS imaging; biodistribution_result: Accumulation in liver, spleen, lungs",,,,https://doi.org/10.1016/j.ijpharm.2023.123050,Optimization of formulation and atomization of lipid nanoparticles for the inhalation of mRNA,"['Hao Miao', 'Ke Huang', 'Yingwen Li', 'Renjie Li', 'Xudong Zhou', 'Jingyu Shi', 'Zhenbo Tong', 'Zhenhua Sun', 'Aibing Yu']",International Journal of Pharmaceutics,2023.0,AX4,DSPC,cholesterol,DMG-PEG2K,50.0,10.0,38.5,10.0,doi_lookup,high,108.5,8.5,True,True,True,False,False,True
760,AX4,DSPC,cholesterol,DMG-PEG2000,50:10:38.5:15,mRNA,firefly_luciferase,O=C(CCN(CCCN(CCCN(CCC(OCCCCOC(C(CCCCCC)CCCC)=O)=O)CCC(OCCCCOC(C(CCCCCC)CCCC)=O)=O)C)CCC(OCCCCOC(C(CCCCCC)CCCC)=O)=O)OCCCCOC(C(CCCCCC)CCCC)=O,CCCCCCCCCCCCCCCCCC(=O)OC[C@H](COP(=O)([O-])OCC[N+](C)(C)C)OC(=O)CCCCCCCCCCCCCCCCC,C[C@H](CCCC(C)C)[C@H]1CC[C@@H]2[C@@]1(CC[C@H]3[C@H]2CC=C4[C@@]3(CC[C@@H](C4)O)C)C,CCCCCCCCCCCCCC(=O)OCC(COP(=O)([O-])OCCOCCOCCOCCOCCOCCOCCOCCOCCOCCOCCOCCOCCOCCOCCOCCOCCOCCOCCOCCOCCOCCOCCOCCOCCOCCOCCOCCOCCOCCOCCOCCOCCOCCOCCOCCOCCOCCOCCOCCOCCOCCOCCOCCOCCOCCOCCOCCOCCOCCOCCOCCOCCOCCOCCOCCOCCOCCOCCOCCOCCOCCOCCOCCOCCOCCOCCOCCOCCOCCOCCOCCOCCOCCOCCOCCOCCOCCOCCOCCOCCOCCOCCOCCOCCOCCOCCOCCOCCOCCO)OC(=O)CCCCCCCCCCCCC,77.0,,,0.09,,,26.0,,,-3.8,,,,,,"synthesis_method: Microfluidic mixing; device_used: INano L, Micro&Nano Technology Inc, China; total_flow_rate_ml_min: ; flow_rate_ratio: 3:1 (water:oil); aqueous_phase_composition: 10 mM citrate buffer (pH 4.0); organic_phase_composition: 100% ethanol; mixing_time_sec: ; temperature_condition: ; post_processing: dialysis with 150 mM PBS (pH 7.4) through 100 kDa MWCO; sterilization: ; storage_buffer: 150 mM PBS (pH 7.4)","animal_model: BALB/c mice; administration_route: I.M. and I.T.; dose: 20 ¥ìg mRNA per mouse; gene_expression_result: Luciferase expression measured by IVIS imaging; biodistribution_result: Accumulation in liver, spleen, lungs",,,,https://doi.org/10.1016/j.ijpharm.2023.123050,Optimization of formulation and atomization of lipid nanoparticles for the inhalation of mRNA,"['Hao Miao', 'Ke Huang', 'Yingwen Li', 'Renjie Li', 'Xudong Zhou', 'Jingyu Shi', 'Zhenbo Tong', 'Zhenhua Sun', 'Aibing Yu']",International Journal of Pharmaceutics,2023.0,AX4,DSPC,cholesterol,DMG-PEG2K,50.0,10.0,38.5,15.0,doi_lookup,high,113.5,13.5,True,True,True,False,False,True
761,AX4,DSPC,cholesterol,DMG-PEG2000,50:10:38.5:25,mRNA,firefly_luciferase,O=C(CCN(CCCN(CCCN(CCC(OCCCCOC(C(CCCCCC)CCCC)=O)=O)CCC(OCCCCOC(C(CCCCCC)CCCC)=O)=O)C)CCC(OCCCCOC(C(CCCCCC)CCCC)=O)=O)OCCCCOC(C(CCCCCC)CCCC)=O,CCCCCCCCCCCCCCCCCC(=O)OC[C@H](COP(=O)([O-])OCC[N+](C)(C)C)OC(=O)CCCCCCCCCCCCCCCCC,C[C@H](CCCC(C)C)[C@H]1CC[C@@H]2[C@@]1(CC[C@H]3[C@H]2CC=C4[C@@]3(CC[C@@H](C4)O)C)C,CCCCCCCCCCCCCC(=O)OCC(COP(=O)([O-])OCCOCCOCCOCCOCCOCCOCCOCCOCCOCCOCCOCCOCCOCCOCCOCCOCCOCCOCCOCCOCCOCCOCCOCCOCCOCCOCCOCCOCCOCCOCCOCCOCCOCCOCCOCCOCCOCCOCCOCCOCCOCCOCCOCCOCCOCCOCCOCCOCCOCCOCCOCCOCCOCCOCCOCCOCCOCCOCCOCCOCCOCCOCCOCCOCCOCCOCCOCCOCCOCCOCCOCCOCCOCCOCCOCCOCCOCCOCCOCCOCCOCCOCCOCCOCCOCCOCCOCCOCCOCCO)OC(=O)CCCCCCCCCCCCC,75.0,,,0.11,,,18.0,,,-2.5,,,,,,"synthesis_method: Microfluidic mixing; device_used: INano L, Micro&Nano Technology Inc, China; total_flow_rate_ml_min: ; flow_rate_ratio: 3:1 (water:oil); aqueous_phase_composition: 10 mM citrate buffer (pH 4.0); organic_phase_composition: 100% ethanol; mixing_time_sec: ; temperature_condition: ; post_processing: dialysis with 150 mM PBS (pH 7.4) through 100 kDa MWCO; sterilization: ; storage_buffer: 150 mM PBS (pH 7.4)","animal_model: BALB/c mice; administration_route: I.M. and I.T.; dose: 20 ¥ìg mRNA per mouse; gene_expression_result: Luciferase expression measured by IVIS imaging; biodistribution_result: Accumulation in liver, spleen, lungs",,,,https://doi.org/10.1016/j.ijpharm.2023.123050,Optimization of formulation and atomization of lipid nanoparticles for the inhalation of mRNA,"['Hao Miao', 'Ke Huang', 'Yingwen Li', 'Renjie Li', 'Xudong Zhou', 'Jingyu Shi', 'Zhenbo Tong', 'Zhenhua Sun', 'Aibing Yu']",International Journal of Pharmaceutics,2023.0,AX4,DSPC,cholesterol,DMG-PEG2K,50.0,10.0,38.5,25.0,doi_lookup,high,123.5,23.5,True,True,True,False,False,True
762,AX4,DSPC,cholesterol,DMG-PEG2000,50:10:38.5:50,mRNA,firefly_luciferase,O=C(CCN(CCCN(CCCN(CCC(OCCCCOC(C(CCCCCC)CCCC)=O)=O)CCC(OCCCCOC(C(CCCCCC)CCCC)=O)=O)C)CCC(OCCCCOC(C(CCCCCC)CCCC)=O)=O)OCCCCOC(C(CCCCCC)CCCC)=O,CCCCCCCCCCCCCCCCCC(=O)OC[C@H](COP(=O)([O-])OCC[N+](C)(C)C)OC(=O)CCCCCCCCCCCCCCCCC,C[C@H](CCCC(C)C)[C@H]1CC[C@@H]2[C@@]1(CC[C@H]3[C@H]2CC=C4[C@@]3(CC[C@@H](C4)O)C)C,CCCCCCCCCCCCCC(=O)OCC(COP(=O)([O-])OCCOCCOCCOCCOCCOCCOCCOCCOCCOCCOCCOCCOCCOCCOCCOCCOCCOCCOCCOCCOCCOCCOCCOCCOCCOCCOCCOCCOCCOCCOCCOCCOCCOCCOCCOCCOCCOCCOCCOCCOCCOCCOCCOCCOCCOCCOCCOCCOCCOCCOCCOCCOCCOCCOCCOCCOCCOCCOCCOCCOCCOCCOCCOCCOCCOCCOCCOCCOCCOCCOCCOCCOCCOCCOCCOCCOCCOCCOCCOCCOCCOCCOCCOCCOCCOCCOCCOCCOCCOCCO)OC(=O)CCCCCCCCCCCCC,69.0,,,0.15,,,10.0,,,-0.7,,,,,,"synthesis_method: Microfluidic mixing; device_used: INano L, Micro&Nano Technology Inc, China; total_flow_rate_ml_min: ; flow_rate_ratio: 3:1 (water:oil); aqueous_phase_composition: 10 mM citrate buffer (pH 4.0); organic_phase_composition: 100% ethanol; mixing_time_sec: ; temperature_condition: ; post_processing: dialysis with 150 mM PBS (pH 7.4) through 100 kDa MWCO; sterilization: ; storage_buffer: 150 mM PBS (pH 7.4)","animal_model: BALB/c mice; administration_route: I.M. and I.T.; dose: 20 ¥ìg mRNA per mouse; gene_expression_result: Luciferase expression measured by IVIS imaging; biodistribution_result: Accumulation in liver, spleen, lungs",,,,https://doi.org/10.1016/j.ijpharm.2023.123050,Optimization of formulation and atomization of lipid nanoparticles for the inhalation of mRNA,"['Hao Miao', 'Ke Huang', 'Yingwen Li', 'Renjie Li', 'Xudong Zhou', 'Jingyu Shi', 'Zhenbo Tong', 'Zhenhua Sun', 'Aibing Yu']",International Journal of Pharmaceutics,2023.0,AX4,DSPC,cholesterol,DMG-PEG2K,50.0,10.0,38.5,50.0,doi_lookup,high,148.5,48.5,True,True,True,False,False,True
764,AX4,DOPE,cholesterol,DMG-PEG2000,50:10:38.5:3,mRNA,firefly_luciferase,O=C(CCN(CCCN(CCCN(CCC(OCCCCOC(C(CCCCCC)CCCC)=O)=O)CCC(OCCCCOC(C(CCCCCC)CCCC)=O)=O)C)CCC(OCCCCOC(C(CCCCCC)CCCC)=O)=O)OCCCCOC(C(CCCCCC)CCCC)=O,CCCCCCCC/C=C\CCCCCCCC(=O)OC[C@H](COP(=O)(O)OCCN)OC(=O)CCCCCCC/C=C\CCCCCCCC,C[C@H](CCCC(C)C)[C@H]1CC[C@@H]2[C@@]1(CC[C@H]3[C@H]2CC=C4[C@@]3(CC[C@@H](C4)O)C)C,CCCCCCCCCCCCCC(=O)OCC(COP(=O)([O-])OCCOCCOCCOCCOCCOCCOCCOCCOCCOCCOCCOCCOCCOCCOCCOCCOCCOCCOCCOCCOCCOCCOCCOCCOCCOCCOCCOCCOCCOCCOCCOCCOCCOCCOCCOCCOCCOCCOCCOCCOCCOCCOCCOCCOCCOCCOCCOCCOCCOCCOCCOCCOCCOCCOCCOCCOCCOCCOCCOCCOCCOCCOCCOCCOCCOCCOCCOCCOCCOCCOCCOCCOCCOCCOCCOCCOCCOCCOCCOCCOCCOCCOCCOCCOCCOCCOCCOCCOCCOCCO)OC(=O)CCCCCCCCCCCCC,113.0,,,0.11,,,92.0,,,-3.7,,,,,,"synthesis_method: Microfluidic mixing; device_used: INano L, Micro&Nano Technology Inc, China; total_flow_rate_ml_min: ; flow_rate_ratio: 3:1 (water:oil); aqueous_phase_composition: 10 mM citrate buffer (pH 4.0); organic_phase_composition: 100% ethanol; mixing_time_sec: ; temperature_condition: ; post_processing: dialysis with 150 mM PBS (pH 7.4) through 100 kDa MWCO; sterilization: ; storage_buffer: 150 mM PBS (pH 7.4)","animal_model: BALB/c mice; administration_route: I.M. and I.T.; dose: 20 ¥ìg mRNA per mouse; gene_expression_result: Luciferase expression measured by IVIS imaging; biodistribution_result: Accumulation in liver, spleen, lungs",,,,https://doi.org/10.1016/j.ijpharm.2023.123050,Optimization of formulation and atomization of lipid nanoparticles for the inhalation of mRNA,"['Hao Miao', 'Ke Huang', 'Yingwen Li', 'Renjie Li', 'Xudong Zhou', 'Jingyu Shi', 'Zhenbo Tong', 'Zhenhua Sun', 'Aibing Yu']",International Journal of Pharmaceutics,2023.0,AX4,DOPE,cholesterol,DMG-PEG2K,50.0,10.0,38.5,3.0,doi_lookup,high,101.5,1.5,True,True,True,False,False,True
765,AX4,DOPE,cholesterol,DMG-PEG2000,50:10:38.5:5,mRNA,firefly_luciferase,O=C(CCN(CCCN(CCCN(CCC(OCCCCOC(C(CCCCCC)CCCC)=O)=O)CCC(OCCCCOC(C(CCCCCC)CCCC)=O)=O)C)CCC(OCCCCOC(C(CCCCCC)CCCC)=O)=O)OCCCCOC(C(CCCCCC)CCCC)=O,CCCCCCCC/C=C\CCCCCCCC(=O)OC[C@H](COP(=O)(O)OCCN)OC(=O)CCCCCCC/C=C\CCCCCCCC,C[C@H](CCCC(C)C)[C@H]1CC[C@@H]2[C@@]1(CC[C@H]3[C@H]2CC=C4[C@@]3(CC[C@@H](C4)O)C)C,CCCCCCCCCCCCCC(=O)OCC(COP(=O)([O-])OCCOCCOCCOCCOCCOCCOCCOCCOCCOCCOCCOCCOCCOCCOCCOCCOCCOCCOCCOCCOCCOCCOCCOCCOCCOCCOCCOCCOCCOCCOCCOCCOCCOCCOCCOCCOCCOCCOCCOCCOCCOCCOCCOCCOCCOCCOCCOCCOCCOCCOCCOCCOCCOCCOCCOCCOCCOCCOCCOCCOCCOCCOCCOCCOCCOCCOCCOCCOCCOCCOCCOCCOCCOCCOCCOCCOCCOCCOCCOCCOCCOCCOCCOCCOCCOCCOCCOCCOCCOCCO)OC(=O)CCCCCCCCCCCCC,98.0,,,0.04,,,82.0,,,-4.0,,,,,,"synthesis_method: Microfluidic mixing; device_used: INano L, Micro&Nano Technology Inc, China; total_flow_rate_ml_min: ; flow_rate_ratio: 3:1 (water:oil); aqueous_phase_composition: 10 mM citrate buffer (pH 4.0); organic_phase_composition: 100% ethanol; mixing_time_sec: ; temperature_condition: ; post_processing: dialysis with 150 mM PBS (pH 7.4) through 100 kDa MWCO; sterilization: ; storage_buffer: 150 mM PBS (pH 7.4)","animal_model: BALB/c mice; administration_route: I.M. and I.T.; dose: 20 ¥ìg mRNA per mouse; gene_expression_result: Luciferase expression measured by IVIS imaging; biodistribution_result: Accumulation in liver, spleen, lungs",,,,https://doi.org/10.1016/j.ijpharm.2023.123050,Optimization of formulation and atomization of lipid nanoparticles for the inhalation of mRNA,"['Hao Miao', 'Ke Huang', 'Yingwen Li', 'Renjie Li', 'Xudong Zhou', 'Jingyu Shi', 'Zhenbo Tong', 'Zhenhua Sun', 'Aibing Yu']",International Journal of Pharmaceutics,2023.0,AX4,DOPE,cholesterol,DMG-PEG2K,50.0,10.0,38.5,5.0,doi_lookup,high,103.5,3.5,True,True,True,False,False,True
766,AX4,DOPE,cholesterol,DMG-PEG2000,50:10:38.5:10,mRNA,firefly_luciferase,O=C(CCN(CCCN(CCCN(CCC(OCCCCOC(C(CCCCCC)CCCC)=O)=O)CCC(OCCCCOC(C(CCCCCC)CCCC)=O)=O)C)CCC(OCCCCOC(C(CCCCCC)CCCC)=O)=O)OCCCCOC(C(CCCCCC)CCCC)=O,CCCCCCCC/C=C\CCCCCCCC(=O)OC[C@H](COP(=O)(O)OCCN)OC(=O)CCCCCCC/C=C\CCCCCCCC,C[C@H](CCCC(C)C)[C@H]1CC[C@@H]2[C@@]1(CC[C@H]3[C@H]2CC=C4[C@@]3(CC[C@@H](C4)O)C)C,CCCCCCCCCCCCCC(=O)OCC(COP(=O)([O-])OCCOCCOCCOCCOCCOCCOCCOCCOCCOCCOCCOCCOCCOCCOCCOCCOCCOCCOCCOCCOCCOCCOCCOCCOCCOCCOCCOCCOCCOCCOCCOCCOCCOCCOCCOCCOCCOCCOCCOCCOCCOCCOCCOCCOCCOCCOCCOCCOCCOCCOCCOCCOCCOCCOCCOCCOCCOCCOCCOCCOCCOCCOCCOCCOCCOCCOCCOCCOCCOCCOCCOCCOCCOCCOCCOCCOCCOCCOCCOCCOCCOCCOCCOCCOCCOCCOCCOCCOCCOCCO)OC(=O)CCCCCCCCCCCCC,78.0,,,0.07,,,45.0,,,-4.6,,,,,,"synthesis_method: Microfluidic mixing; device_used: INano L, Micro&Nano Technology Inc, China; total_flow_rate_ml_min: ; flow_rate_ratio: 3:1 (water:oil); aqueous_phase_composition: 10 mM citrate buffer (pH 4.0); organic_phase_composition: 100% ethanol; mixing_time_sec: ; temperature_condition: ; post_processing: dialysis with 150 mM PBS (pH 7.4) through 100 kDa MWCO; sterilization: ; storage_buffer: 150 mM PBS (pH 7.4)","animal_model: BALB/c mice; administration_route: I.M. and I.T.; dose: 20 ¥ìg mRNA per mouse; gene_expression_result: Luciferase expression measured by IVIS imaging; biodistribution_result: Accumulation in liver, spleen, lungs",,,,https://doi.org/10.1016/j.ijpharm.2023.123050,Optimization of formulation and atomization of lipid nanoparticles for the inhalation of mRNA,"['Hao Miao', 'Ke Huang', 'Yingwen Li', 'Renjie Li', 'Xudong Zhou', 'Jingyu Shi', 'Zhenbo Tong', 'Zhenhua Sun', 'Aibing Yu']",International Journal of Pharmaceutics,2023.0,AX4,DOPE,cholesterol,DMG-PEG2K,50.0,10.0,38.5,10.0,doi_lookup,high,108.5,8.5,True,True,True,False,False,True
767,AX4,DOPE,cholesterol,DMG-PEG2000,50:10:38.5:15,mRNA,firefly_luciferase,O=C(CCN(CCCN(CCCN(CCC(OCCCCOC(C(CCCCCC)CCCC)=O)=O)CCC(OCCCCOC(C(CCCCCC)CCCC)=O)=O)C)CCC(OCCCCOC(C(CCCCCC)CCCC)=O)=O)OCCCCOC(C(CCCCCC)CCCC)=O,CCCCCCCC/C=C\CCCCCCCC(=O)OC[C@H](COP(=O)(O)OCCN)OC(=O)CCCCCCC/C=C\CCCCCCCC,C[C@H](CCCC(C)C)[C@H]1CC[C@@H]2[C@@]1(CC[C@H]3[C@H]2CC=C4[C@@]3(CC[C@@H](C4)O)C)C,CCCCCCCCCCCCCC(=O)OCC(COP(=O)([O-])OCCOCCOCCOCCOCCOCCOCCOCCOCCOCCOCCOCCOCCOCCOCCOCCOCCOCCOCCOCCOCCOCCOCCOCCOCCOCCOCCOCCOCCOCCOCCOCCOCCOCCOCCOCCOCCOCCOCCOCCOCCOCCOCCOCCOCCOCCOCCOCCOCCOCCOCCOCCOCCOCCOCCOCCOCCOCCOCCOCCOCCOCCOCCOCCOCCOCCOCCOCCOCCOCCOCCOCCOCCOCCOCCOCCOCCOCCOCCOCCOCCOCCOCCOCCOCCOCCOCCOCCOCCOCCO)OC(=O)CCCCCCCCCCCCC,71.0,,,0.12,,,29.0,,,-5.0,,,,,,"synthesis_method: Microfluidic mixing; device_used: INano L, Micro&Nano Technology Inc, China; total_flow_rate_ml_min: ; flow_rate_ratio: 3:1 (water:oil); aqueous_phase_composition: 10 mM citrate buffer (pH 4.0); organic_phase_composition: 100% ethanol; mixing_time_sec: ; temperature_condition: ; post_processing: dialysis with 150 mM PBS (pH 7.4) through 100 kDa MWCO; sterilization: ; storage_buffer: 150 mM PBS (pH 7.4)","animal_model: BALB/c mice; administration_route: I.M. and I.T.; dose: 20 ¥ìg mRNA per mouse; gene_expression_result: Luciferase expression measured by IVIS imaging; biodistribution_result: Accumulation in liver, spleen, lungs",,,,https://doi.org/10.1016/j.ijpharm.2023.123050,Optimization of formulation and atomization of lipid nanoparticles for the inhalation of mRNA,"['Hao Miao', 'Ke Huang', 'Yingwen Li', 'Renjie Li', 'Xudong Zhou', 'Jingyu Shi', 'Zhenbo Tong', 'Zhenhua Sun', 'Aibing Yu']",International Journal of Pharmaceutics,2023.0,AX4,DOPE,cholesterol,DMG-PEG2K,50.0,10.0,38.5,15.0,doi_lookup,high,113.5,13.5,True,True,True,False,False,True
768,AX4,DOPE,cholesterol,DMG-PEG2000,50:10:38.5:25,mRNA,firefly_luciferase,O=C(CCN(CCCN(CCCN(CCC(OCCCCOC(C(CCCCCC)CCCC)=O)=O)CCC(OCCCCOC(C(CCCCCC)CCCC)=O)=O)C)CCC(OCCCCOC(C(CCCCCC)CCCC)=O)=O)OCCCCOC(C(CCCCCC)CCCC)=O,CCCCCCCC/C=C\CCCCCCCC(=O)OC[C@H](COP(=O)(O)OCCN)OC(=O)CCCCCCC/C=C\CCCCCCCC,C[C@H](CCCC(C)C)[C@H]1CC[C@@H]2[C@@]1(CC[C@H]3[C@H]2CC=C4[C@@]3(CC[C@@H](C4)O)C)C,CCCCCCCCCCCCCC(=O)OCC(COP(=O)([O-])OCCOCCOCCOCCOCCOCCOCCOCCOCCOCCOCCOCCOCCOCCOCCOCCOCCOCCOCCOCCOCCOCCOCCOCCOCCOCCOCCOCCOCCOCCOCCOCCOCCOCCOCCOCCOCCOCCOCCOCCOCCOCCOCCOCCOCCOCCOCCOCCOCCOCCOCCOCCOCCOCCOCCOCCOCCOCCOCCOCCOCCOCCOCCOCCOCCOCCOCCOCCOCCOCCOCCOCCOCCOCCOCCOCCOCCOCCOCCOCCOCCOCCOCCOCCOCCOCCOCCOCCOCCOCCO)OC(=O)CCCCCCCCCCCCC,67.0,,,0.14,,,19.0,,,-0.9,,,,,,"synthesis_method: Microfluidic mixing; device_used: INano L, Micro&Nano Technology Inc, China; total_flow_rate_ml_min: ; flow_rate_ratio: 3:1 (water:oil); aqueous_phase_composition: 10 mM citrate buffer (pH 4.0); organic_phase_composition: 100% ethanol; mixing_time_sec: ; temperature_condition: ; post_processing: dialysis with 150 mM PBS (pH 7.4) through 100 kDa MWCO; sterilization: ; storage_buffer: 150 mM PBS (pH 7.4)","animal_model: BALB/c mice; administration_route: I.M. and I.T.; dose: 20 ¥ìg mRNA per mouse; gene_expression_result: Luciferase expression measured by IVIS imaging; biodistribution_result: Accumulation in liver, spleen, lungs",,,,https://doi.org/10.1016/j.ijpharm.2023.123050,Optimization of formulation and atomization of lipid nanoparticles for the inhalation of mRNA,"['Hao Miao', 'Ke Huang', 'Yingwen Li', 'Renjie Li', 'Xudong Zhou', 'Jingyu Shi', 'Zhenbo Tong', 'Zhenhua Sun', 'Aibing Yu']",International Journal of Pharmaceutics,2023.0,AX4,DOPE,cholesterol,DMG-PEG2K,50.0,10.0,38.5,25.0,doi_lookup,high,123.5,23.5,True,True,True,False,False,True
769,AX4,DOPE,cholesterol,DMG-PEG2000,50:10:38.5:50,mRNA,firefly_luciferase,O=C(CCN(CCCN(CCCN(CCC(OCCCCOC(C(CCCCCC)CCCC)=O)=O)CCC(OCCCCOC(C(CCCCCC)CCCC)=O)=O)C)CCC(OCCCCOC(C(CCCCCC)CCCC)=O)=O)OCCCCOC(C(CCCCCC)CCCC)=O,CCCCCCCC/C=C\CCCCCCCC(=O)OC[C@H](COP(=O)(O)OCCN)OC(=O)CCCCCCC/C=C\CCCCCCCC,C[C@H](CCCC(C)C)[C@H]1CC[C@@H]2[C@@]1(CC[C@H]3[C@H]2CC=C4[C@@]3(CC[C@@H](C4)O)C)C,CCCCCCCCCCCCCC(=O)OCC(COP(=O)([O-])OCCOCCOCCOCCOCCOCCOCCOCCOCCOCCOCCOCCOCCOCCOCCOCCOCCOCCOCCOCCOCCOCCOCCOCCOCCOCCOCCOCCOCCOCCOCCOCCOCCOCCOCCOCCOCCOCCOCCOCCOCCOCCOCCOCCOCCOCCOCCOCCOCCOCCOCCOCCOCCOCCOCCOCCOCCOCCOCCOCCOCCOCCOCCOCCOCCOCCOCCOCCOCCOCCOCCOCCOCCOCCOCCOCCOCCOCCOCCOCCOCCOCCOCCOCCOCCOCCOCCOCCOCCOCCO)OC(=O)CCCCCCCCCCCCC,63.0,,,0.09,,,10.0,,,-2.3,,,,,,"synthesis_method: Microfluidic mixing; device_used: INano L, Micro&Nano Technology Inc, China; total_flow_rate_ml_min: ; flow_rate_ratio: 3:1 (water:oil); aqueous_phase_composition: 10 mM citrate buffer (pH 4.0); organic_phase_composition: 100% ethanol; mixing_time_sec: ; temperature_condition: ; post_processing: dialysis with 150 mM PBS (pH 7.4) through 100 kDa MWCO; sterilization: ; storage_buffer: 150 mM PBS (pH 7.4)","animal_model: BALB/c mice; administration_route: I.M. and I.T.; dose: 20 ¥ìg mRNA per mouse; gene_expression_result: Luciferase expression measured by IVIS imaging; biodistribution_result: Accumulation in liver, spleen, lungs",,,,https://doi.org/10.1016/j.ijpharm.2023.123050,Optimization of formulation and atomization of lipid nanoparticles for the inhalation of mRNA,"['Hao Miao', 'Ke Huang', 'Yingwen Li', 'Renjie Li', 'Xudong Zhou', 'Jingyu Shi', 'Zhenbo Tong', 'Zhenhua Sun', 'Aibing Yu']",International Journal of Pharmaceutics,2023.0,AX4,DOPE,cholesterol,DMG-PEG2K,50.0,10.0,38.5,50.0,doi_lookup,high,148.5,48.5,True,True,True,False,False,True
770,AX4,DSPC,cholesterol,DMG-PEG2000,50:10:5:5,mRNA,firefly_luciferase,O=C(CCN(CCCN(CCCN(CCC(OCCCCOC(C(CCCCCC)CCCC)=O)=O)CCC(OCCCCOC(C(CCCCCC)CCCC)=O)=O)C)CCC(OCCCCOC(C(CCCCCC)CCCC)=O)=O)OCCCCOC(C(CCCCCC)CCCC)=O,CCCCCCCCCCCCCCCCCC(=O)OC[C@H](COP(=O)([O-])OCC[N+](C)(C)C)OC(=O)CCCCCCCCCCCCCCCCC,C[C@H](CCCC(C)C)[C@H]1CC[C@@H]2[C@@]1(CC[C@H]3[C@H]2CC=C4[C@@]3(CC[C@@H](C4)O)C)C,CCCCCCCCCCCCCC(=O)OCC(COP(=O)([O-])OCCOCCOCCOCCOCCOCCOCCOCCOCCOCCOCCOCCOCCOCCOCCOCCOCCOCCOCCOCCOCCOCCOCCOCCOCCOCCOCCOCCOCCOCCOCCOCCOCCOCCOCCOCCOCCOCCOCCOCCOCCOCCOCCOCCOCCOCCOCCOCCOCCOCCOCCOCCOCCOCCOCCOCCOCCOCCOCCOCCOCCOCCOCCOCCOCCOCCOCCOCCOCCOCCOCCOCCOCCOCCOCCOCCOCCOCCOCCOCCOCCOCCOCCOCCOCCOCCOCCOCCOCCOCCO)OC(=O)CCCCCCCCCCCCC,147.0,,,0.12,,,19.0,,,-16.6,,,N:P,9.0,,"synthesis_method: Microfluidic mixing; device_used: INano L, Micro&Nano Technology Inc, China; total_flow_rate_ml_min: ; flow_rate_ratio: 3:1 (water:oil); aqueous_phase_composition: 10 mM citrate buffer (pH 4.0); organic_phase_composition: 100% ethanol; mixing_time_sec: ; temperature_condition: ; post_processing: dialysis with 150 mM PBS (pH 7.4) through 100 kDa MWCO; sterilization: ; storage_buffer: 150 mM PBS (pH 7.4)","animal_model: BALB/c mice; administration_route: I.M. and I.T.; dose: 20 ¥ìg mRNA per mouse; gene_expression_result: Luciferase expression measured by IVIS imaging; biodistribution_result: Accumulation in liver, spleen, lungs",,,,https://doi.org/10.1016/j.ijpharm.2023.123050,Optimization of formulation and atomization of lipid nanoparticles for the inhalation of mRNA,"['Hao Miao', 'Ke Huang', 'Yingwen Li', 'Renjie Li', 'Xudong Zhou', 'Jingyu Shi', 'Zhenbo Tong', 'Zhenhua Sun', 'Aibing Yu']",International Journal of Pharmaceutics,2023.0,AX4,DSPC,cholesterol,DMG-PEG2K,50.0,10.0,5.0,5.0,doi_lookup,high,70.0,30.0,True,True,True,False,False,True
771,AX4,DSPC,cholesterol,DMG-PEG2000,50:10:100:5,mRNA,firefly_luciferase,O=C(CCN(CCCN(CCCN(CCC(OCCCCOC(C(CCCCCC)CCCC)=O)=O)CCC(OCCCCOC(C(CCCCCC)CCCC)=O)=O)C)CCC(OCCCCOC(C(CCCCCC)CCCC)=O)=O)OCCCCOC(C(CCCCCC)CCCC)=O,CCCCCCCCCCCCCCCCCC(=O)OC[C@H](COP(=O)([O-])OCC[N+](C)(C)C)OC(=O)CCCCCCCCCCCCCCCCC,C[C@H](CCCC(C)C)[C@H]1CC[C@@H]2[C@@]1(CC[C@H]3[C@H]2CC=C4[C@@]3(CC[C@@H](C4)O)C)C,CCCCCCCCCCCCCC(=O)OCC(COP(=O)([O-])OCCOCCOCCOCCOCCOCCOCCOCCOCCOCCOCCOCCOCCOCCOCCOCCOCCOCCOCCOCCOCCOCCOCCOCCOCCOCCOCCOCCOCCOCCOCCOCCOCCOCCOCCOCCOCCOCCOCCOCCOCCOCCOCCOCCOCCOCCOCCOCCOCCOCCOCCOCCOCCOCCOCCOCCOCCOCCOCCOCCOCCOCCOCCOCCOCCOCCOCCOCCOCCOCCOCCOCCOCCOCCOCCOCCOCCOCCOCCOCCOCCOCCOCCOCCOCCOCCOCCOCCOCCOCCO)OC(=O)CCCCCCCCCCCCC,70.0,,,0.13,,,95.0,,,-7.4,,,,,,"synthesis_method: Microfluidic mixing; device_used: INano L, Micro&Nano Technology Inc, China; total_flow_rate_ml_min: ; flow_rate_ratio: 3:1 (water:oil); aqueous_phase_composition: 10 mM citrate buffer (pH 4.0); organic_phase_composition: 100% ethanol; mixing_time_sec: ; temperature_condition: ; post_processing: dialysis with 150 mM PBS (pH 7.4) through 100 kDa MWCO; sterilization: ; storage_buffer: 150 mM PBS (pH 7.4)","animal_model: BALB/c mice; administration_route: I.M. and I.T.; dose: 20 ¥ìg mRNA per mouse; gene_expression_result: Luciferase expression measured by IVIS imaging; biodistribution_result: Accumulation in liver, spleen, lungs",,,,https://doi.org/10.1016/j.ijpharm.2023.123050,Optimization of formulation and atomization of lipid nanoparticles for the inhalation of mRNA,"['Hao Miao', 'Ke Huang', 'Yingwen Li', 'Renjie Li', 'Xudong Zhou', 'Jingyu Shi', 'Zhenbo Tong', 'Zhenhua Sun', 'Aibing Yu']",International Journal of Pharmaceutics,2023.0,AX4,DSPC,cholesterol,DMG-PEG2K,50.0,10.0,100.0,5.0,doi_lookup,high,165.0,65.0,True,True,True,False,False,True
772,AX4,DSPC,cholesterol,DMG-PEG2000,20:10:100:5,mRNA,firefly_luciferase,O=C(CCN(CCCN(CCCN(CCC(OCCCCOC(C(CCCCCC)CCCC)=O)=O)CCC(OCCCCOC(C(CCCCCC)CCCC)=O)=O)C)CCC(OCCCCOC(C(CCCCCC)CCCC)=O)=O)OCCCCOC(C(CCCCCC)CCCC)=O,CCCCCCCCCCCCCCCCCC(=O)OC[C@H](COP(=O)([O-])OCC[N+](C)(C)C)OC(=O)CCCCCCCCCCCCCCCCC,C[C@H](CCCC(C)C)[C@H]1CC[C@@H]2[C@@]1(CC[C@H]3[C@H]2CC=C4[C@@]3(CC[C@@H](C4)O)C)C,CCCCCCCCCCCCCC(=O)OCC(COP(=O)([O-])OCCOCCOCCOCCOCCOCCOCCOCCOCCOCCOCCOCCOCCOCCOCCOCCOCCOCCOCCOCCOCCOCCOCCOCCOCCOCCOCCOCCOCCOCCOCCOCCOCCOCCOCCOCCOCCOCCOCCOCCOCCOCCOCCOCCOCCOCCOCCOCCOCCOCCOCCOCCOCCOCCOCCOCCOCCOCCOCCOCCOCCOCCOCCOCCOCCOCCOCCOCCOCCOCCOCCOCCOCCOCCOCCOCCOCCOCCOCCOCCOCCOCCOCCOCCOCCOCCOCCOCCOCCOCCO)OC(=O)CCCCCCCCCCCCC,61.0,,,0.23,,,95.0,,,-3.8,,,,,,"synthesis_method: Microfluidic mixing; device_used: INano L, Micro&Nano Technology Inc, China; total_flow_rate_ml_min: ; flow_rate_ratio: 3:1 (water:oil); aqueous_phase_composition: 10 mM citrate buffer (pH 4.0); organic_phase_composition: 100% ethanol; mixing_time_sec: ; temperature_condition: ; post_processing: dialysis with 150 mM PBS (pH 7.4) through 100 kDa MWCO; sterilization: ; storage_buffer: 150 mM PBS (pH 7.4)","animal_model: BALB/c mice; administration_route: I.M. and I.T.; dose: 20 ¥ìg mRNA per mouse; gene_expression_result: Luciferase expression measured by IVIS imaging; biodistribution_result: Accumulation in liver, spleen, lungs",,,,https://doi.org/10.1016/j.ijpharm.2023.123050,Optimization of formulation and atomization of lipid nanoparticles for the inhalation of mRNA,"['Hao Miao', 'Ke Huang', 'Yingwen Li', 'Renjie Li', 'Xudong Zhou', 'Jingyu Shi', 'Zhenbo Tong', 'Zhenhua Sun', 'Aibing Yu']",International Journal of Pharmaceutics,2023.0,AX4,DSPC,cholesterol,DMG-PEG2K,20.0,10.0,100.0,5.0,doi_lookup,high,135.0,35.0,True,True,True,False,False,True
774,AX4,DSPC,cholesterol,DMG-PEG2000,35:16:46.5:5,mRNA,firefly_luciferase,O=C(CCN(CCCN(CCCN(CCC(OCCCCOC(C(CCCCCC)CCCC)=O)=O)CCC(OCCCCOC(C(CCCCCC)CCCC)=O)=O)C)CCC(OCCCCOC(C(CCCCCC)CCCC)=O)=O)OCCCCOC(C(CCCCCC)CCCC)=O,CCCCCCCCCCCCCCCCCC(=O)OC[C@H](COP(=O)([O-])OCC[N+](C)(C)C)OC(=O)CCCCCCCCCCCCCCCCC,C[C@H](CCCC(C)C)[C@H]1CC[C@@H]2[C@@]1(CC[C@H]3[C@H]2CC=C4[C@@]3(CC[C@@H](C4)O)C)C,CCCCCCCCCCCCCC(=O)OCC(COP(=O)([O-])OCCOCCOCCOCCOCCOCCOCCOCCOCCOCCOCCOCCOCCOCCOCCOCCOCCOCCOCCOCCOCCOCCOCCOCCOCCOCCOCCOCCOCCOCCOCCOCCOCCOCCOCCOCCOCCOCCOCCOCCOCCOCCOCCOCCOCCOCCOCCOCCOCCOCCOCCOCCOCCOCCOCCOCCOCCOCCOCCOCCOCCOCCOCCOCCOCCOCCOCCOCCOCCOCCOCCOCCOCCOCCOCCOCCOCCOCCOCCOCCOCCOCCOCCOCCOCCOCCOCCOCCOCCOCCO)OC(=O)CCCCCCCCCCCCC,62.0,,,0.11,,,95.0,,,-4.2,,,N:P,9.0,,"synthesis_method: Microfluidic mixing; device_used: INano L, Micro&Nano Technology Inc, China; total_flow_rate_ml_min: ; flow_rate_ratio: 3:1 (water:oil); aqueous_phase_composition: 10 mM citrate buffer (pH 4.0); organic_phase_composition: 100% ethanol; mixing_time_sec: ; temperature_condition: ; post_processing: dialysis with 150 mM PBS (pH 7.4) through 100 kDa MWCO; sterilization: ; storage_buffer: 150 mM PBS (pH 7.4)","animal_model: BALB/c mice; administration_route: I.M. and I.T.; dose: 20 ¥ìg mRNA per mouse; gene_expression_result: Luciferase expression measured by IVIS imaging; biodistribution_result: Accumulation in liver, spleen, lungs",,,,https://doi.org/10.1016/j.ijpharm.2023.123050,Optimization of formulation and atomization of lipid nanoparticles for the inhalation of mRNA,"['Hao Miao', 'Ke Huang', 'Yingwen Li', 'Renjie Li', 'Xudong Zhou', 'Jingyu Shi', 'Zhenbo Tong', 'Zhenhua Sun', 'Aibing Yu']",International Journal of Pharmaceutics,2023.0,AX4,DSPC,cholesterol,DMG-PEG2K,35.0,16.0,46.5,5.0,doi_lookup,high,102.5,2.5,True,True,True,False,False,True
775,AX4,DSPC,cholesterol,DMG-PEG2000,35:16:46.5:5,mRNA,firefly_luciferase,O=C(CCN(CCCN(CCCN(CCC(OCCCCOC(C(CCCCCC)CCCC)=O)=O)CCC(OCCCCOC(C(CCCCCC)CCCC)=O)=O)C)CCC(OCCCCOC(C(CCCCCC)CCCC)=O)=O)OCCCCOC(C(CCCCCC)CCCC)=O,CCCCCCCCCCCCCCCCCC(=O)OC[C@H](COP(=O)([O-])OCC[N+](C)(C)C)OC(=O)CCCCCCCCCCCCCCCCC,C[C@H](CCCC(C)C)[C@H]1CC[C@@H]2[C@@]1(CC[C@H]3[C@H]2CC=C4[C@@]3(CC[C@@H](C4)O)C)C,CCCCCCCCCCCCCC(=O)OCC(COP(=O)([O-])OCCOCCOCCOCCOCCOCCOCCOCCOCCOCCOCCOCCOCCOCCOCCOCCOCCOCCOCCOCCOCCOCCOCCOCCOCCOCCOCCOCCOCCOCCOCCOCCOCCOCCOCCOCCOCCOCCOCCOCCOCCOCCOCCOCCOCCOCCOCCOCCOCCOCCOCCOCCOCCOCCOCCOCCOCCOCCOCCOCCOCCOCCOCCOCCOCCOCCOCCOCCOCCOCCOCCOCCOCCOCCOCCOCCOCCOCCOCCOCCOCCOCCOCCOCCOCCOCCOCCOCCOCCOCCO)OC(=O)CCCCCCCCCCCCC,61.0,,,0.15,,,95.0,,,-3.4,,,N:P,18.0,,"synthesis_method: Microfluidic mixing; device_used: INano L, Micro&Nano Technology Inc, China; total_flow_rate_ml_min: ; flow_rate_ratio: 3:1 (water:oil); aqueous_phase_composition: 10 mM citrate buffer (pH 4.0); organic_phase_composition: 100% ethanol; mixing_time_sec: ; temperature_condition: ; post_processing: dialysis with 150 mM PBS (pH 7.4) through 100 kDa MWCO; sterilization: ; storage_buffer: 150 mM PBS (pH 7.4)","animal_model: BALB/c mice; administration_route: I.M. and I.T.; dose: 20 ¥ìg mRNA per mouse; gene_expression_result: Luciferase expression measured by IVIS imaging; biodistribution_result: Accumulation in liver, spleen, lungs",,,,https://doi.org/10.1016/j.ijpharm.2023.123050,Optimization of formulation and atomization of lipid nanoparticles for the inhalation of mRNA,"['Hao Miao', 'Ke Huang', 'Yingwen Li', 'Renjie Li', 'Xudong Zhou', 'Jingyu Shi', 'Zhenbo Tong', 'Zhenhua Sun', 'Aibing Yu']",International Journal of Pharmaceutics,2023.0,AX4,DSPC,cholesterol,DMG-PEG2K,35.0,16.0,46.5,5.0,doi_lookup,high,102.5,2.5,True,True,True,False,False,True
776,AX4,DSPC,cholesterol,DMG-PEG2000,35:16:46.5:5,mRNA,firefly_luciferase,O=C(CCN(CCCN(CCCN(CCC(OCCCCOC(C(CCCCCC)CCCC)=O)=O)CCC(OCCCCOC(C(CCCCCC)CCCC)=O)=O)C)CCC(OCCCCOC(C(CCCCCC)CCCC)=O)=O)OCCCCOC(C(CCCCCC)CCCC)=O,CCCCCCCCCCCCCCCCCC(=O)OC[C@H](COP(=O)([O-])OCC[N+](C)(C)C)OC(=O)CCCCCCCCCCCCCCCCC,C[C@H](CCCC(C)C)[C@H]1CC[C@@H]2[C@@]1(CC[C@H]3[C@H]2CC=C4[C@@]3(CC[C@@H](C4)O)C)C,CCCCCCCCCCCCCC(=O)OCC(COP(=O)([O-])OCCOCCOCCOCCOCCOCCOCCOCCOCCOCCOCCOCCOCCOCCOCCOCCOCCOCCOCCOCCOCCOCCOCCOCCOCCOCCOCCOCCOCCOCCOCCOCCOCCOCCOCCOCCOCCOCCOCCOCCOCCOCCOCCOCCOCCOCCOCCOCCOCCOCCOCCOCCOCCOCCOCCOCCOCCOCCOCCOCCOCCOCCOCCOCCOCCOCCOCCOCCOCCOCCOCCOCCOCCOCCOCCOCCOCCOCCOCCOCCOCCOCCOCCOCCOCCOCCOCCOCCOCCOCCO)OC(=O)CCCCCCCCCCCCC,54.0,,,0.07,,,94.0,,,-5.7,,,N:P,27.0,,"synthesis_method: Microfluidic mixing; device_used: INano L, Micro&Nano Technology Inc, China; total_flow_rate_ml_min: ; flow_rate_ratio: 3:1 (water:oil); aqueous_phase_composition: 10 mM citrate buffer (pH 4.0); organic_phase_composition: 100% ethanol; mixing_time_sec: ; temperature_condition: ; post_processing: dialysis with 150 mM PBS (pH 7.4) through 100 kDa MWCO; sterilization: ; storage_buffer: 150 mM PBS (pH 7.4)","animal_model: BALB/c mice; administration_route: I.M. and I.T.; dose: 20 ¥ìg mRNA per mouse; gene_expression_result: Luciferase expression measured by IVIS imaging; biodistribution_result: Accumulation in liver, spleen, lungs",,,,https://doi.org/10.1016/j.ijpharm.2023.123050,Optimization of formulation and atomization of lipid nanoparticles for the inhalation of mRNA,"['Hao Miao', 'Ke Huang', 'Yingwen Li', 'Renjie Li', 'Xudong Zhou', 'Jingyu Shi', 'Zhenbo Tong', 'Zhenhua Sun', 'Aibing Yu']",International Journal of Pharmaceutics,2023.0,AX4,DSPC,cholesterol,DMG-PEG2K,35.0,16.0,46.5,5.0,doi_lookup,high,102.5,2.5,True,True,True,False,False,True
949,A2-Iso5-2DC18,DOPE,cholesterol,C14-PEG2000,35:2.5:37.5:16,mRNA,"firefly_luciferase, ova, trp2",CCCCCCCC/C=C\CCCCCCCC1(N(C(N=C1)C(=O)OCC)CCCN2CCCC2)CCCCCCC/C=C\CCCCCCCC,CCCCCCCC/C=C\CCCCCCCC(=O)OC[C@H](COP(=O)(O)OCCN)OC(=O)CCCCCCC/C=C\CCCCCCCC,C[C@H](CCCC(C)C)[C@H]1CC[C@@H]2[C@@]1(CC[C@H]3[C@H]2CC=C4[C@@]3(CC[C@@H](C4)O)C)C,CCCCCCCCCCCCCCOC(=O)CCOCCOCCOCCOCCOCCOCCOCCOCCOCCOCCOCCOCCOCCOCCOCCOCCOCCOCCOCCOCCOCCOCCOCCOCCOCCOCCOCCOCCOCCOCCOCCOCCOCCOCCOCCOCCOCCOCCOCCOCCOCCOCCOCCOCCOCCOCCOCCOCCOCCOCCOCCOCCOCCOCCOCCOCCOCCOCCOCCOCCOCCOCCOCCOCCOCCOCCOCCOCCOCCOCCOCCOCCOCCOCCOCCOCCOCCOCCOCCOCCOCCOCCOCCOCCOCCOCCOCCOCCOCCO,99.9,,,0.145,,,77.0,2.6,multi_condition,4.36,,,wt/wt,10.0,lipid:mRNA,"synthesis_method: Microfluidic; device_used: microfluidic chip device; total_flow_rate_ml_min: ; flow_rate_ratio: 3:1 (ethanol:aqueous); aqueous_phase_composition: 10mM citrate buffer (pH 3.0); organic_phase_composition: ethanol; mixing_time_sec: ; temperature_condition: room temperature; post_processing: dialysis against 1X PBS in 20,000 MWCO cassette at 4¡ÆC for 1h; sterilization: ; storage_buffer: 1X PBS, stored at 4¡ÆC","cell_line: Macrophages, HeLa, BMDCs, BMDMs, B16F10, B16-OVA; animal_model: C57BL/6 mice; administration_route: subcutaneous; dose: 15 ¥ìg mRNA per mouse; gene_expression_result: 6.88¡¾0.08E+04 RLU (in vitro macrophage), 1.8¡¾0.4E+07 (in vivo s.c. 0.5mg/kg); biodistribution_result: local injection site and draining lymph nodes; toxicity_profile: AST: 31.7¡¾5.6 IU/L, ALT: 132.3¡¾22.4 IU/L, Histology: OK; cytokine_response: CTL lysis: 53.3¡¾12.6%, ELISpot: 159.7¡¾56.2 spots, Antibody titer: 200.3¡¾25.7 RLU",800.0,absolute,0.0232558139534883,https://doi.org/10.1038/s41587-019-0247-3,Delivery of mRNA vaccines with heterocyclic lipids increases anti-tumor efficacy by STING-mediated immune cell activation,"['Lei Miao', 'Linxian Li', 'Yuxuan Huang', 'Derfogail Delcassian', 'Jasdave Chahal', 'Jinsong Han', 'Yunhua Shi', 'Kaitlyn Sadtler', 'Wenting Gao', 'Jiaqi Lin', 'Joshua C. Doloff', 'Robert Langer', 'Daniel G. Anderson']",Nature Biotechnology,2019.0,A2-Iso5-2DC18,DOPE,cholesterol,C14-PEG2000,35.0,16.0,37.5,2.5,doi_lookup,high,91.0,9.0,True,True,True,False,False,True
950,A12-Iso5-2DC18,DOPE,cholesterol,C14-PEG2000,35:2.5:37.5:16,mRNA,"firefly_luciferase, ova",CCCCCCCC/C=C\CCCCCCCC1(N(C(N=C1)C(=O)OCC)CCCN(C)C)CCCCCCC/C=C\CCCCCCCC,CCCCCCCC/C=C\CCCCCCCC(=O)OC[C@H](COP(=O)(O)OCCN)OC(=O)CCCCCCC/C=C\CCCCCCCC,C[C@H](CCCC(C)C)[C@H]1CC[C@@H]2[C@@]1(CC[C@H]3[C@H]2CC=C4[C@@]3(CC[C@@H](C4)O)C)C,CCCCCCCCCCCCCCOC(=O)CCOCCOCCOCCOCCOCCOCCOCCOCCOCCOCCOCCOCCOCCOCCOCCOCCOCCOCCOCCOCCOCCOCCOCCOCCOCCOCCOCCOCCOCCOCCOCCOCCOCCOCCOCCOCCOCCOCCOCCOCCOCCOCCOCCOCCOCCOCCOCCOCCOCCOCCOCCOCCOCCOCCOCCOCCOCCOCCOCCOCCOCCOCCOCCOCCOCCOCCOCCOCCOCCOCCOCCOCCOCCOCCOCCOCCOCCOCCOCCOCCOCCOCCOCCOCCOCCOCCOCCOCCOCCO,87.9,,,0.135,,,68.4,2.8,multi_condition,4.85,,,wt/wt,10.0,lipid:mRNA,"synthesis_method: Microfluidic; device_used: microfluidic chip device; total_flow_rate_ml_min: ; flow_rate_ratio: 3:1 (ethanol:aqueous); aqueous_phase_composition: 10mM citrate buffer (pH 3.0); organic_phase_composition: ethanol; mixing_time_sec: ; temperature_condition: room temperature; post_processing: dialysis against 1X PBS in 20,000 MWCO cassette at 4¡ÆC for 1h; sterilization: ; storage_buffer: 1X PBS, stored at 4¡ÆC","cell_line: Macrophages, HeLa, BMDCs, BMDMs; animal_model: C57BL/6 mice; administration_route: subcutaneous; dose: 15 ¥ìg mRNA per mouse; gene_expression_result: 5.01¡¾0.80E+04 RLU (in vitro macrophage), 1.6¡¾0.3E+07 (in vivo s.c. 0.5mg/kg); biodistribution_result: local injection site and draining lymph nodes; toxicity_profile: AST: 31.3¡¾2.8 IU/L, ALT: 113.7¡¾8.5 IU/L, Histology: OK; cytokine_response: CTL lysis: 27.2¡¾1.7%, ELISpot: 14.7¡¾2.5 spots, Antibody titer: 49.5¡¾19.8 RLU",8000.0,absolute,0.0930232558139534,https://doi.org/10.1038/s41587-019-0247-3,Delivery of mRNA vaccines with heterocyclic lipids increases anti-tumor efficacy by STING-mediated immune cell activation,"['Lei Miao', 'Linxian Li', 'Yuxuan Huang', 'Derfogail Delcassian', 'Jasdave Chahal', 'Jinsong Han', 'Yunhua Shi', 'Kaitlyn Sadtler', 'Wenting Gao', 'Jiaqi Lin', 'Joshua C. Doloff', 'Robert Langer', 'Daniel G. Anderson']",Nature Biotechnology,2019.0,A12-Iso5-2DC18,DOPE,cholesterol,C14-PEG2000,35.0,16.0,37.5,2.5,doi_lookup,high,91.0,9.0,True,True,True,False,False,True
951,Custom lipid,DOPE,cholesterol,C14-PEG2000,35:2.5:37.5:16,mRNA,"firefly_luciferase, ova",CCOC(=O)C1=NC(CCCCCCCCC=CCCCCCCCC)(CCCCCCCCC=CCCCCCCCC)CN1CCCN1CCCCC1,CCCCCCCC/C=C\CCCCCCCC(=O)OC[C@H](COP(=O)(O)OCCN)OC(=O)CCCCCCC/C=C\CCCCCCCC,C[C@H](CCCC(C)C)[C@H]1CC[C@@H]2[C@@]1(CC[C@H]3[C@H]2CC=C4[C@@]3(CC[C@@H](C4)O)C)C,CCCCCCCCCCCCCCOC(=O)CCOCCOCCOCCOCCOCCOCCOCCOCCOCCOCCOCCOCCOCCOCCOCCOCCOCCOCCOCCOCCOCCOCCOCCOCCOCCOCCOCCOCCOCCOCCOCCOCCOCCOCCOCCOCCOCCOCCOCCOCCOCCOCCOCCOCCOCCOCCOCCOCCOCCOCCOCCOCCOCCOCCOCCOCCOCCOCCOCCOCCOCCOCCOCCOCCOCCOCCOCCOCCOCCOCCOCCOCCOCCOCCOCCOCCOCCOCCOCCOCCOCCOCCOCCOCCOCCOCCOCCOCCOCCO,86.9,,,0.205,,,61.2,3.7,multi_condition,8.37,,,wt/wt,10.0,lipid:mRNA,"synthesis_method: Microfluidic; device_used: microfluidic chip device; total_flow_rate_ml_min: ; flow_rate_ratio: 3:1 (ethanol:aqueous); aqueous_phase_composition: 10mM citrate buffer (pH 3.0); organic_phase_composition: ethanol; mixing_time_sec: ; temperature_condition: room temperature; post_processing: dialysis against 1X PBS in 20,000 MWCO cassette at 4¡ÆC for 1h; sterilization: ; storage_buffer: 1X PBS, stored at 4¡ÆC","cell_line: Macrophages, HeLa, BMDCs, BMDMs; animal_model: C57BL/6 mice; administration_route: subcutaneous; dose: 15 ¥ìg mRNA per mouse; gene_expression_result: 1.54¡¾0.12E+05 RLU (in vitro macrophage), 2.0¡¾0.2E+07 (in vivo s.c. 0.5mg/kg); biodistribution_result: local injection site and draining lymph nodes; toxicity_profile: AST: 29.6¡¾8.1 IU/L, ALT: 124.3¡¾52.4 IU/L, Histology: OK; cytokine_response: CTL lysis: 81.4¡¾3.3%, ELISpot: 357.3¡¾48.7 spots, Antibody titer: 258.3¡¾62.8 RLU",12000.0,absolute,0.1162790697674418,https://doi.org/10.1038/s41587-019-0247-3,Delivery of mRNA vaccines with heterocyclic lipids increases anti-tumor efficacy by STING-mediated immune cell activation,"['Lei Miao', 'Linxian Li', 'Yuxuan Huang', 'Derfogail Delcassian', 'Jasdave Chahal', 'Jinsong Han', 'Yunhua Shi', 'Kaitlyn Sadtler', 'Wenting Gao', 'Jiaqi Lin', 'Joshua C. Doloff', 'Robert Langer', 'Daniel G. Anderson']",Nature Biotechnology,2019.0,A13-Iso5-2DC18,DOPE,cholesterol,C14-PEG2000,35.0,16.0,37.5,2.5,doi_lookup,high,91.0,9.0,True,True,True,False,False,True
952,Custom lipid,DOPE,cholesterol,C14-PEG2000,35:2.5:37.5:16,mRNA,"firefly_luciferase, ova",CCOC(=O)C1=NC(CCCCCCCCC=CCCCCCCCC)(CCCCCCCCC=CCCCCCCCC)CN1CCCN1CC(C)CCC1CC,CCCCCCCC/C=C\CCCCCCCC(=O)OC[C@H](COP(=O)(O)OCCN)OC(=O)CCCCCCC/C=C\CCCCCCCC,C[C@H](CCCC(C)C)[C@H]1CC[C@@H]2[C@@]1(CC[C@H]3[C@H]2CC=C4[C@@]3(CC[C@@H](C4)O)C)C,CCCCCCCCCCCCCCOC(=O)CCOCCOCCOCCOCCOCCOCCOCCOCCOCCOCCOCCOCCOCCOCCOCCOCCOCCOCCOCCOCCOCCOCCOCCOCCOCCOCCOCCOCCOCCOCCOCCOCCOCCOCCOCCOCCOCCOCCOCCOCCOCCOCCOCCOCCOCCOCCOCCOCCOCCOCCOCCOCCOCCOCCOCCOCCOCCOCCOCCOCCOCCOCCOCCOCCOCCOCCOCCOCCOCCOCCOCCOCCOCCOCCOCCOCCOCCOCCOCCOCCOCCOCCOCCOCCOCCOCCOCCOCCOCCO,89.6,,,0.159,,,63.4,4.6,multi_condition,4.54,,,wt/wt,10.0,lipid:mRNA,"synthesis_method: Microfluidic; device_used: microfluidic chip device; total_flow_rate_ml_min: ; flow_rate_ratio: 3:1 (ethanol:aqueous); aqueous_phase_composition: 10mM citrate buffer (pH 3.0); organic_phase_composition: ethanol; mixing_time_sec: ; temperature_condition: room temperature; post_processing: dialysis against 1X PBS in 20,000 MWCO cassette at 4¡ÆC for 1h; sterilization: ; storage_buffer: 1X PBS, stored at 4¡ÆC","cell_line: Macrophages, HeLa, BMDCs, BMDMs; animal_model: C57BL/6 mice; administration_route: subcutaneous; dose: 15 ¥ìg mRNA per mouse; gene_expression_result: 7.92¡¾1.69E+04 RLU (in vitro macrophage), 2.7¡¾0.4E+07 (in vivo s.c. 0.5mg/kg); biodistribution_result: local injection site and draining lymph nodes; toxicity_profile: AST: 31.5¡¾4.0 IU/L, ALT: 128.3¡¾13.3 IU/L, Histology: OK; cytokine_response: CTL lysis: 96.6¡¾2.1%, ELISpot: 854.3¡¾60.3 spots, Antibody titer: 457.2¡¾22.2 RLU",16900.0,absolute,0.1627906976744186,https://doi.org/10.1038/s41587-019-0247-3,Delivery of mRNA vaccines with heterocyclic lipids increases anti-tumor efficacy by STING-mediated immune cell activation,"['Lei Miao', 'Linxian Li', 'Yuxuan Huang', 'Derfogail Delcassian', 'Jasdave Chahal', 'Jinsong Han', 'Yunhua Shi', 'Kaitlyn Sadtler', 'Wenting Gao', 'Jiaqi Lin', 'Joshua C. Doloff', 'Robert Langer', 'Daniel G. Anderson']",Nature Biotechnology,2019.0,A17-Iso5-2DC18,DOPE,cholesterol,C14-PEG2000,35.0,16.0,37.5,2.5,doi_lookup,high,91.0,9.0,True,True,True,False,False,True
953,A18-Iso5-2DC18,DOPE,cholesterol,C14-PEG2000,35:2.5:37.5:16,mRNA,"firefly_luciferase, ova, e7, trp2",CCCCCCCC/C=C\CCCCCCCC1(N(C(N=C1)C(=O)OCC)CCCN2C(CCCC2)CC)CCCCCCC/C=C\CCCCCCCC,CCCCCCCC/C=C\CCCCCCCC(=O)OC[C@H](COP(=O)(O)OCCN)OC(=O)CCCCCCC/C=C\CCCCCCCC,C[C@H](CCCC(C)C)[C@H]1CC[C@@H]2[C@@]1(CC[C@H]3[C@H]2CC=C4[C@@]3(CC[C@@H](C4)O)C)C,CCCCCCCCCCCCCCOC(=O)CCOCCOCCOCCOCCOCCOCCOCCOCCOCCOCCOCCOCCOCCOCCOCCOCCOCCOCCOCCOCCOCCOCCOCCOCCOCCOCCOCCOCCOCCOCCOCCOCCOCCOCCOCCOCCOCCOCCOCCOCCOCCOCCOCCOCCOCCOCCOCCOCCOCCOCCOCCOCCOCCOCCOCCOCCOCCOCCOCCOCCOCCOCCOCCOCCOCCOCCOCCOCCOCCOCCOCCOCCOCCOCCOCCOCCOCCOCCOCCOCCOCCOCCOCCOCCOCCOCCOCCOCCOCCO,95.9,,,0.166,,,67.6,5.1,multi_condition,6.41,,,wt/wt,10.0,lipid:mRNA,"synthesis_method: Microfluidic; device_used: microfluidic chip device; total_flow_rate_ml_min: ; flow_rate_ratio: 3:1 (ethanol:aqueous); aqueous_phase_composition: 10mM citrate buffer (pH 3.0); organic_phase_composition: ethanol; mixing_time_sec: ; temperature_condition: room temperature; post_processing: dialysis against 1X PBS in 20,000 MWCO cassette at 4¡ÆC for 1h; sterilization: ; storage_buffer: 1X PBS, stored at 4¡ÆC","cell_line: Macrophages, HeLa, BMDCs, BMDMs, B16F10, TC-1, B16-OVA; animal_model: C57BL/6 mice; administration_route: subcutaneous; dose: 15 ¥ìg mRNA per mouse; gene_expression_result: 4.01¡¾0.60E+05 RLU (in vitro macrophage), 4.4¡¾0.6E+08 (in vivo s.c. 0.5mg/kg); biodistribution_result: local injection site and draining lymph nodes; toxicity_profile: AST: 29.5¡¾1.5 IU/L, ALT: 134.3¡¾4.3 IU/L, Histology: OK; cytokine_response: CTL lysis: 88.7¡¾3.5%, ELISpot: 745.0¡¾13.8 spots, Antibody titer: 379.4¡¾23.2 RLU, strong STING pathway activation",60000.0,absolute,0.2093023255813953,https://doi.org/10.1038/s41587-019-0247-3,Delivery of mRNA vaccines with heterocyclic lipids increases anti-tumor efficacy by STING-mediated immune cell activation,"['Lei Miao', 'Linxian Li', 'Yuxuan Huang', 'Derfogail Delcassian', 'Jasdave Chahal', 'Jinsong Han', 'Yunhua Shi', 'Kaitlyn Sadtler', 'Wenting Gao', 'Jiaqi Lin', 'Joshua C. Doloff', 'Robert Langer', 'Daniel G. Anderson']",Nature Biotechnology,2019.0,A18-Iso5-2DC18,DOPE,cholesterol,C14-PEG2000,35.0,16.0,37.5,2.5,doi_lookup,high,91.0,9.0,True,True,True,False,False,True
954,Custom lipid,DOPE,cholesterol,C14-PEG2000,35:2.5:37.5:16,mRNA,"firefly_luciferase, ova",CCOC(=O)C1=NC(CCCCCCCCC=CCCCCCCCC)(CCCCCCCCC=CCCCCCCCC)CN1CCCN1CCCCCC1,CCCCCCCC/C=C\CCCCCCCC(=O)OC[C@H](COP(=O)(O)OCCN)OC(=O)CCCCCCC/C=C\CCCCCCCC,C[C@H](CCCC(C)C)[C@H]1CC[C@@H]2[C@@]1(CC[C@H]3[C@H]2CC=C4[C@@]3(CC[C@@H](C4)O)C)C,CCCCCCCCCCCCCCOC(=O)CCOCCOCCOCCOCCOCCOCCOCCOCCOCCOCCOCCOCCOCCOCCOCCOCCOCCOCCOCCOCCOCCOCCOCCOCCOCCOCCOCCOCCOCCOCCOCCOCCOCCOCCOCCOCCOCCOCCOCCOCCOCCOCCOCCOCCOCCOCCOCCOCCOCCOCCOCCOCCOCCOCCOCCOCCOCCOCCOCCOCCOCCOCCOCCOCCOCCOCCOCCOCCOCCOCCOCCOCCOCCOCCOCCOCCOCCOCCOCCOCCOCCOCCOCCOCCOCCOCCOCCOCCOCCO,97.9,,,0.125,,,61.2,4.6,multi_condition,4.37,,,wt/wt,10.0,lipid:mRNA,"synthesis_method: Microfluidic; device_used: microfluidic chip device; total_flow_rate_ml_min: ; flow_rate_ratio: 3:1 (ethanol:aqueous); aqueous_phase_composition: 10mM citrate buffer (pH 3.0); organic_phase_composition: ethanol; mixing_time_sec: ; temperature_condition: room temperature; post_processing: dialysis against 1X PBS in 20,000 MWCO cassette at 4¡ÆC for 1h; sterilization: ; storage_buffer: 1X PBS, stored at 4¡ÆC","cell_line: Macrophages, HeLa, BMDCs, BMDMs; animal_model: C57BL/6 mice; administration_route: subcutaneous; dose: 15 ¥ìg mRNA per mouse; gene_expression_result: 3.08¡¾0.51E+05 RLU (in vitro macrophage), 1.6¡¾0.05E+08 (in vivo s.c. 0.5mg/kg); biodistribution_result: local injection site and draining lymph nodes; toxicity_profile: AST: 25.5¡¾0.5 IU/L, ALT: 105.5¡¾5.5 IU/L, Histology: OK; cytokine_response: CTL lysis: 93.2¡¾2.8%, ELISpot: 478.0¡¾71.2 spots, Antibody titer: 406.2¡¾95.1 RLU",51000.0,absolute,0.1860465116279069,https://doi.org/10.1038/s41587-019-0247-3,Delivery of mRNA vaccines with heterocyclic lipids increases anti-tumor efficacy by STING-mediated immune cell activation,"['Lei Miao', 'Linxian Li', 'Yuxuan Huang', 'Derfogail Delcassian', 'Jasdave Chahal', 'Jinsong Han', 'Yunhua Shi', 'Kaitlyn Sadtler', 'Wenting Gao', 'Jiaqi Lin', 'Joshua C. Doloff', 'Robert Langer', 'Daniel G. Anderson']",Nature Biotechnology,2019.0,A21-Iso5-2DC18,DOPE,cholesterol,C14-PEG2000,35.0,16.0,37.5,2.5,doi_lookup,high,91.0,9.0,True,True,True,False,False,True
955,Custom lipid,DOPE,cholesterol,C14-PEG2000,35:2.5:37.5:16,mRNA,"firefly_luciferase, ova",CCOC(=O)C1=NC(CCCCCCCCC=CCCCCCCCC)(CCCCCCCCC=CCCCCCCCC)CN1CCCN(CC)CC,CCCCCCCC/C=C\CCCCCCCC(=O)OC[C@H](COP(=O)(O)OCCN)OC(=O)CCCCCCC/C=C\CCCCCCCC,C[C@H](CCCC(C)C)[C@H]1CC[C@@H]2[C@@]1(CC[C@H]3[C@H]2CC=C4[C@@]3(CC[C@@H](C4)O)C)C,CCCCCCCCCCCCCCOC(=O)CCOCCOCCOCCOCCOCCOCCOCCOCCOCCOCCOCCOCCOCCOCCOCCOCCOCCOCCOCCOCCOCCOCCOCCOCCOCCOCCOCCOCCOCCOCCOCCOCCOCCOCCOCCOCCOCCOCCOCCOCCOCCOCCOCCOCCOCCOCCOCCOCCOCCOCCOCCOCCOCCOCCOCCOCCOCCOCCOCCOCCOCCOCCOCCOCCOCCOCCOCCOCCOCCOCCOCCOCCOCCOCCOCCOCCOCCOCCOCCOCCOCCOCCOCCOCCOCCOCCOCCOCCOCCO,92.4,,,0.176,,,67.2,2.9,multi_condition,5.51,,,wt/wt,10.0,lipid:mRNA,"synthesis_method: Microfluidic; device_used: microfluidic chip device; total_flow_rate_ml_min: ; flow_rate_ratio: 3:1 (ethanol:aqueous); aqueous_phase_composition: 10mM citrate buffer (pH 3.0); organic_phase_composition: ethanol; mixing_time_sec: ; temperature_condition: room temperature; post_processing: dialysis against 1X PBS in 20,000 MWCO cassette at 4¡ÆC for 1h; sterilization: ; storage_buffer: 1X PBS, stored at 4¡ÆC","cell_line: Macrophages, HeLa, BMDCs, BMDMs; animal_model: C57BL/6 mice; administration_route: subcutaneous; dose: 15 ¥ìg mRNA per mouse; gene_expression_result: 3.41¡¾0.22E+04 RLU (in vitro macrophage), 1.2¡¾0.1E+07 (in vivo s.c. 0.5mg/kg); biodistribution_result: local injection site and draining lymph nodes; toxicity_profile: AST: 31.5¡¾0.5 IU/L, ALT: 117.5¡¾6.5 IU/L, Histology: OK; cytokine_response: CTL lysis: 20.9¡¾1.3%, ELISpot: 39.3¡¾7.4 spots, Antibody titer: 116.3¡¾73.2 RLU",2200.0,absolute,0.0465116279069767,https://doi.org/10.1038/s41587-019-0247-3,Delivery of mRNA vaccines with heterocyclic lipids increases anti-tumor efficacy by STING-mediated immune cell activation,"['Lei Miao', 'Linxian Li', 'Yuxuan Huang', 'Derfogail Delcassian', 'Jasdave Chahal', 'Jinsong Han', 'Yunhua Shi', 'Kaitlyn Sadtler', 'Wenting Gao', 'Jiaqi Lin', 'Joshua C. Doloff', 'Robert Langer', 'Daniel G. Anderson']",Nature Biotechnology,2019.0,A24-Iso5-2DC18,DOPE,cholesterol,C14-PEG2000,35.0,16.0,37.5,2.5,doi_lookup,high,91.0,9.0,True,True,True,False,False,True
956,Custom lipid,DOPE,cholesterol,C14-PEG2000,35:2.5:37.5:16,mRNA,"firefly_luciferase, ova, trp2",CCOC(=O)C1=NC(CCCCCCCCC=CCCCCCCCC)(CCCCCCCCC=CCCCCCCCC)CN1CCCN(CCCC)CCCC,CCCCCCCC/C=C\CCCCCCCC(=O)OC[C@H](COP(=O)(O)OCCN)OC(=O)CCCCCCC/C=C\CCCCCCCC,C[C@H](CCCC(C)C)[C@H]1CC[C@@H]2[C@@]1(CC[C@H]3[C@H]2CC=C4[C@@]3(CC[C@@H](C4)O)C)C,CCCCCCCCCCCCCCOC(=O)CCOCCOCCOCCOCCOCCOCCOCCOCCOCCOCCOCCOCCOCCOCCOCCOCCOCCOCCOCCOCCOCCOCCOCCOCCOCCOCCOCCOCCOCCOCCOCCOCCOCCOCCOCCOCCOCCOCCOCCOCCOCCOCCOCCOCCOCCOCCOCCOCCOCCOCCOCCOCCOCCOCCOCCOCCOCCOCCOCCOCCOCCOCCOCCOCCOCCOCCOCCOCCOCCOCCOCCOCCOCCOCCOCCOCCOCCOCCOCCOCCOCCOCCOCCOCCOCCOCCOCCOCCOCCO,95.9,,,0.21,,,67.5,6.5,multi_condition,6.41,,,wt/wt,10.0,lipid:mRNA,"synthesis_method: Microfluidic; device_used: microfluidic chip device; total_flow_rate_ml_min: ; flow_rate_ratio: 3:1 (ethanol:aqueous); aqueous_phase_composition: 10mM citrate buffer (pH 3.0); organic_phase_composition: ethanol; mixing_time_sec: ; temperature_condition: room temperature; post_processing: dialysis against 1X PBS in 20,000 MWCO cassette at 4¡ÆC for 1h; sterilization: ; storage_buffer: 1X PBS, stored at 4¡ÆC","cell_line: Macrophages, HeLa, BMDCs, BMDMs; animal_model: C57BL/6 mice; administration_route: subcutaneous; dose: 15 ¥ìg mRNA per mouse; gene_expression_result: 9.71¡¾1.45E+04 RLU (in vitro macrophage), 1.4¡¾0.2E+07 (in vivo s.c. 0.5mg/kg); biodistribution_result: local injection site and draining lymph nodes; toxicity_profile: AST: 27.5¡¾2.5 IU/L, ALT: 124.5¡¾5.5 IU/L, Histology: OK; cytokine_response: CTL lysis: 11.5¡¾4.5%, ELISpot: 5.3¡¾0.6 spots, Antibody titer: 30.2¡¾1.9 RLU",14500.0,absolute,0.1395348837209302,https://doi.org/10.1038/s41587-019-0247-3,Delivery of mRNA vaccines with heterocyclic lipids increases anti-tumor efficacy by STING-mediated immune cell activation,"['Lei Miao', 'Linxian Li', 'Yuxuan Huang', 'Derfogail Delcassian', 'Jasdave Chahal', 'Jinsong Han', 'Yunhua Shi', 'Kaitlyn Sadtler', 'Wenting Gao', 'Jiaqi Lin', 'Joshua C. Doloff', 'Robert Langer', 'Daniel G. Anderson']",Nature Biotechnology,2019.0,A25-Iso5-2DC18,DOPE,cholesterol,C14-PEG2000,35.0,16.0,37.5,2.5,doi_lookup,high,91.0,9.0,True,True,True,False,False,True
957,Custom lipid,DOPE,cholesterol,C14-PEG2000,35:2.5:37.5:16,mRNA,"firefly_luciferase, ova",CCOC(=O)C1=NC(CCCCCCCCC=CCCCCCCCC)(CCCCCCCCC=CCCCCCCCC)CN1CCCN(CCC)CCC,CCCCCCCC/C=C\CCCCCCCC(=O)OC[C@H](COP(=O)(O)OCCN)OC(=O)CCCCCCC/C=C\CCCCCCCC,C[C@H](CCCC(C)C)[C@H]1CC[C@@H]2[C@@]1(CC[C@H]3[C@H]2CC=C4[C@@]3(CC[C@@H](C4)O)C)C,CCCCCCCCCCCCCCOC(=O)CCOCCOCCOCCOCCOCCOCCOCCOCCOCCOCCOCCOCCOCCOCCOCCOCCOCCOCCOCCOCCOCCOCCOCCOCCOCCOCCOCCOCCOCCOCCOCCOCCOCCOCCOCCOCCOCCOCCOCCOCCOCCOCCOCCOCCOCCOCCOCCOCCOCCOCCOCCOCCOCCOCCOCCOCCOCCOCCOCCOCCOCCOCCOCCOCCOCCOCCOCCOCCOCCOCCOCCOCCOCCOCCOCCOCCOCCOCCOCCOCCOCCOCCOCCOCCOCCOCCOCCOCCOCCO,92.3,,,0.197,,,67.8,2.4,multi_condition,5.36,,,wt/wt,10.0,lipid:mRNA,"synthesis_method: Microfluidic; device_used: microfluidic chip device; total_flow_rate_ml_min: ; flow_rate_ratio: 3:1 (ethanol:aqueous); aqueous_phase_composition: 10mM citrate buffer (pH 3.0); organic_phase_composition: ethanol; mixing_time_sec: ; temperature_condition: room temperature; post_processing: dialysis against 1X PBS in 20,000 MWCO cassette at 4¡ÆC for 1h; sterilization: ; storage_buffer: 1X PBS, stored at 4¡ÆC","cell_line: Macrophages, HeLa, BMDCs, BMDMs; animal_model: C57BL/6 mice; administration_route: subcutaneous; dose: 15 ¥ìg mRNA per mouse; gene_expression_result: 1.43¡¾0.05E+05 RLU (in vitro macrophage), 1.1¡¾0.02E+07 (in vivo s.c. 0.5mg/kg); biodistribution_result: local injection site and draining lymph nodes; toxicity_profile: AST: 39.3¡¾5.8 IU/L, ALT: 122.7¡¾10.5 IU/L, Histology: OK; cytokine_response: CTL lysis: 26.5¡¾2.9%, ELISpot: 36.3¡¾2.5 spots, Antibody titer: 40.3¡¾1.8 RLU",5000.0,absolute,0.0697674418604651,https://doi.org/10.1038/s41587-019-0247-3,Delivery of mRNA vaccines with heterocyclic lipids increases anti-tumor efficacy by STING-mediated immune cell activation,"['Lei Miao', 'Linxian Li', 'Yuxuan Huang', 'Derfogail Delcassian', 'Jasdave Chahal', 'Jinsong Han', 'Yunhua Shi', 'Kaitlyn Sadtler', 'Wenting Gao', 'Jiaqi Lin', 'Joshua C. Doloff', 'Robert Langer', 'Daniel G. Anderson']",Nature Biotechnology,2019.0,A26-Iso5-2DC18,DOPE,cholesterol,C14-PEG2000,35.0,16.0,37.5,2.5,doi_lookup,high,91.0,9.0,True,True,True,False,False,True
958,DLin-MC3-DMA,DOPE,cholesterol,C14-PEG2000,35:2.5:37.5:16,mRNA,"firefly_luciferase, ova, e7, trp2",CCCCC/C=C\C/C=C\CCCCCCCCC(OC(=O)CCCN(C)C)CCCCCCCC/C=C\C/C=C\CCCCC,CCCCCCCC/C=C\CCCCCCCC(=O)OC[C@H](COP(=O)(O)OCCN)OC(=O)CCCCCCC/C=C\CCCCCCCC,C[C@H](CCCC(C)C)[C@H]1CC[C@@H]2[C@@]1(CC[C@H]3[C@H]2CC=C4[C@@]3(CC[C@@H](C4)O)C)C,CCCCCCCCCCCCCCOC(=O)CCOCCOCCOCCOCCOCCOCCOCCOCCOCCOCCOCCOCCOCCOCCOCCOCCOCCOCCOCCOCCOCCOCCOCCOCCOCCOCCOCCOCCOCCOCCOCCOCCOCCOCCOCCOCCOCCOCCOCCOCCOCCOCCOCCOCCOCCOCCOCCOCCOCCOCCOCCOCCOCCOCCOCCOCCOCCOCCOCCOCCOCCOCCOCCOCCOCCOCCOCCOCCOCCOCCOCCOCCOCCOCCOCCOCCOCCOCCOCCOCCOCCOCCOCCOCCOCCOCCOCCOCCOCCO,115.0,,range,0.3,,censored,60.0,,range,,,,wt/wt,10.0,lipid:mRNA,"synthesis_method: Microfluidic; device_used: microfluidic chip device; total_flow_rate_ml_min: ; flow_rate_ratio: 3:1 (ethanol:aqueous); aqueous_phase_composition: 10mM citrate buffer (pH 3.0); organic_phase_composition: ethanol; mixing_time_sec: ; temperature_condition: room temperature; post_processing: dialysis against 1X PBS in 20,000 MWCO cassette at 4¡ÆC for 1h; sterilization: ; storage_buffer: 1X PBS, stored at 4¡ÆC","cell_line: HeLa, BMDCs, BMDMs, B16F10, TC-1, B16-OVA; animal_model: C57BL/6 mice; administration_route: subcutaneous; dose: 15 ¥ìg mRNA per mouse; gene_expression_result: control lipid for comparison; biodistribution_result: local injection site and draining lymph nodes; toxicity_profile: no observable toxicity; cytokine_response: minimal immune activation compared to cyclic lipids",,,,https://doi.org/10.1038/s41587-019-0247-3,Delivery of mRNA vaccines with heterocyclic lipids increases anti-tumor efficacy by STING-mediated immune cell activation,"['Lei Miao', 'Linxian Li', 'Yuxuan Huang', 'Derfogail Delcassian', 'Jasdave Chahal', 'Jinsong Han', 'Yunhua Shi', 'Kaitlyn Sadtler', 'Wenting Gao', 'Jiaqi Lin', 'Joshua C. Doloff', 'Robert Langer', 'Daniel G. Anderson']",Nature Biotechnology,2019.0,MC3,DOPE,cholesterol,C14-PEG2000,35.0,16.0,37.5,2.5,doi_lookup,high,91.0,9.0,True,True,True,False,False,True
