mw,logp,tpsa,num_rotatable_bonds,num_hbd,num_hba,num_ester_bonds,num_tertiary_amines,tail_length_carbons,num_unsaturated_bonds,num_branch_points,num_rings,fraction_csp3,heavy_atom_count,ionizable_lipid_smiles
464.82300000000043,9.647099999999998,46.33,26.0,1.0,2.0,0.0,0.0,20.0,2.0,1.0,0.0,0.9,33.0,CCCCCCCCC/C=C/CCCCCCCCC(=O)N(N)CCCCCCCCCC
622.0360000000001,10.194599999999996,84.66,33.0,2.0,5.0,1.0,1.0,10.0,3.0,4.0,0.0,0.8947368421052632,44.0,CCCCCC(C)CCCC(=O)OCCC(N(C)N)C(=O)NCCCCCCCCCC/C=C/CCCCCCCCCC
646.1459999999997,12.912099999999981,58.36,37.0,2.0,3.0,0.0,1.0,19.0,3.0,2.0,0.0,0.8809523809523809,46.0,CCCCCCC/C=C/CCCCCCCCC(N(C)N)C(=O)NCCCCCCCCCC/C=C/CCCCCCCCCC
790.3599999999993,14.051199999999978,70.67,45.0,2.0,5.0,1.0,1.0,10.0,3.0,4.0,0.0,0.92,56.0,CCCCCC(C)CCCC(=O)OCCC(NCCCCN(CCCC)CCCCC)C(=O)NCCCCCCCCCC/C=C/CCCCCCCCCC
746.3509999999995,15.04219999999997,44.370000000000005,45.0,2.0,3.0,0.0,1.0,21.0,2.0,2.0,0.0,0.9387755102040817,53.0,CCCCCCCCC/C=C/CCCCCCCCC(NCCCCN(CCCC)CCCCCC)C(=O)NCCCCCCCCCCCCCC
802.3709999999993,14.361399999999977,70.67,46.0,2.0,5.0,1.0,1.0,11.0,4.0,3.0,0.0,0.8823529411764706,57.0,CCCCCCCC/C=C/C(=O)OCCC(NCCCCN(CCCC)CCCCCC)C(=O)NCCCCCCCCCC/C=C/CCCCCCCCCC
690.155,11.769699999999988,70.67,34.0,2.0,5.0,1.0,1.0,10.0,3.0,4.0,1.0,0.9069767441860465,49.0,CCCCCC(C)CCCC(=O)OCCC(NN1CCCCCC1)C(=O)NCCCCCCCCCC/C=C/CCCCCCCCCC
688.139,11.68979999999999,70.67,34.0,2.0,5.0,1.0,1.0,11.0,4.0,3.0,1.0,0.8604651162790697,49.0,CCCCCCCC/C=C/C(=O)OCCC(NN1CCCCCC1)C(=O)NCCCCCCCCCC/C=C/CCCCCCCCCC
706.1979999999996,11.70739999999999,70.67,37.0,2.0,5.0,1.0,1.0,9.0,3.0,6.0,0.0,0.9090909090909091,50.0,CCCCCC(C)CCC(=O)OCCC(NCCN(C(C)C)C(C)C)C(=O)NCCCCCCCCCC/C=C/CCCCCCCCCC
704.1819999999997,11.627499999999989,70.67,37.0,2.0,5.0,1.0,1.0,10.0,4.0,5.0,0.0,0.8636363636363636,50.0,CCCCCCC/C=C/C(=O)OCCC(NCCN(C(C)C)C(C)C)C(=O)NCCCCCCCCCC/C=C/CCCCCCCCCC
610.025,9.200700000000003,70.67,31.0,2.0,5.0,1.0,1.0,10.0,2.0,6.0,0.0,0.9459459459459459,43.0,CCCCCC(C)CCCC(=O)OCCC(NCCN(C(C)C)C(C)C)C(=O)NCCCCCCCCCCCCCC
720.2249999999997,12.100699999999987,70.67,40.0,2.0,5.0,1.0,1.0,9.0,3.0,4.0,0.0,0.9111111111111111,51.0,CCCCCC(C)CCC(=O)OCCCC(NCCCCN(CC)CC)C(=O)NCCCCCCCCCC/C=C/CCCCCCCCCC
718.2089999999997,12.020799999999987,70.67,40.0,2.0,5.0,1.0,1.0,10.0,4.0,3.0,0.0,0.8666666666666667,51.0,CCCCCCC/C=C/C(=O)OCCCC(NCCCCN(CC)CC)C(=O)NCCCCCCCCCC/C=C/CCCCCCCCCC
802.3709999999992,14.361399999999977,70.67,46.0,2.0,5.0,1.0,1.0,17.0,4.0,3.0,0.0,0.8823529411764706,57.0,CCCCCCCC/C=C/CCCCCCC(=O)OCCC(NCCCCN(CC)CC)C(=O)NCCCCCCCCCC/C=C/CCCCCCCCCC
718.2089999999997,11.854699999999989,70.67,36.0,2.0,5.0,1.0,1.0,10.0,3.0,4.0,1.0,0.9111111111111111,51.0,CCCCCC(C)CCCC(=O)OCCC(NCCN1CCCCCC1)C(=O)NCCCCCCCCCC/C=C/CCCCCCCCCC
702.1659999999998,11.384699999999992,70.67,35.0,2.0,5.0,1.0,1.0,10.0,4.0,3.0,1.0,0.8636363636363636,50.0,CCCCCCC/C=C/C(=O)OCCC(NCCN1CCCCCC1)C(=O)NCCCCCCCCCC/C=C/CCCCCCCCCC
650.0899999999999,10.128199999999996,70.67,32.0,2.0,5.0,1.0,1.0,9.0,2.0,4.0,1.0,0.95,46.0,CCCCCC(C)CCC(=O)OCCC(NCCN1CCCCCC1)C(=O)NCCCCCCCCCCCCCCCCCC
746.2629999999995,12.800999999999982,70.67,42.0,2.0,5.0,1.0,1.0,17.0,4.0,3.0,0.0,0.8723404255319149,53.0,CCCCCCCC/C=C/CCCCCCC(=O)OCCC(NCCN(C)C)C(=O)NCCCCCCCCCC/C=C/CCCCCCCCCC
678.1439999999999,10.930399999999993,70.67,37.0,2.0,5.0,1.0,1.0,9.0,3.0,4.0,0.0,0.9047619047619048,48.0,CCCCCC(C)CCC(=O)OCCCC(NCCCN(C)C)C(=O)NCCCCCCCCCC/C=C/CCCCCCCCCC
676.1279999999999,10.850499999999993,70.67,37.0,2.0,5.0,1.0,1.0,10.0,4.0,3.0,0.0,0.8571428571428571,48.0,CCCCCCC/C=C/C(=O)OCCCC(NCCCN(C)C)C(=O)NCCCCCCCCCC/C=C/CCCCCCCCCC
610.0250000000001,9.203900000000003,70.67,33.0,2.0,5.0,1.0,1.0,9.0,2.0,4.0,0.0,0.9459459459459459,43.0,CCCCCC(C)CCC(=O)OCCCC(NCCN(C)C)C(=O)NCCCCCCCCCCCCCCCCCC
648.0739999999998,10.070299999999998,70.67,35.0,2.0,5.0,1.0,1.0,10.0,4.0,3.0,0.0,0.85,46.0,CCCCCCC/C=C/C(=O)OCCC(NCCN(C)C)C(=O)NCCCCCCCCCC/C=C/CCCCCCCCCC
718.2089999999997,11.851499999999987,70.67,35.0,2.0,5.0,1.0,1.0,9.0,3.0,6.0,1.0,0.9111111111111111,51.0,CCCCCC(C)CCC(=O)OCCCC(NC1CCN(C(C)C)CC1)C(=O)NCCCCCCCCCC/C=C/CCCCCCCCCC
716.1929999999996,11.771599999999989,70.67,35.0,2.0,5.0,1.0,1.0,10.0,4.0,5.0,1.0,0.8666666666666667,51.0,CCCCCCC/C=C/C(=O)OCCCC(NC1CCN(C(C)C)CC1)C(=O)NCCCCCCCCCC/C=C/CCCCCCCCCC
664.1169999999998,10.515099999999995,70.67,32.0,2.0,5.0,1.0,1.0,9.0,2.0,6.0,1.0,0.9512195121951219,47.0,CCCCCC(C)CCC(=O)OCCCC(NC1CCN(C(C)C)CC1)C(=O)NCCCCCCCCCCCCCCCCCC
706.1539999999998,10.310899999999997,79.9,36.0,2.0,6.0,1.0,1.0,9.0,3.0,4.0,1.0,0.9069767441860465,50.0,CCCCCC(C)CCC(=O)OCCC(NCCCN1CCOCC1)C(=O)NCCCCCCCCCC/C=C/CCCCCCCCCC
746.2189999999996,11.40129999999999,79.9,39.0,2.0,6.0,1.0,1.0,12.0,4.0,3.0,1.0,0.8695652173913043,53.0,CCCCCCCCC/C=C/C(=O)OCCCC(NCCCN1CCOCC1)C(=O)NCCCCCCCCCC/C=C/CCCCCCCCCC
666.0889999999998,9.364600000000001,79.9,34.0,2.0,6.0,1.0,1.0,9.0,2.0,4.0,1.0,0.95,47.0,CCCCCC(C)CCC(=O)OCCCC(NCCCN1CCOCC1)C(=O)NCCCCCCCCCCCCCCCCCC
642.1100000000001,13.647199999999975,29.54,35.0,0.0,3.0,1.0,1.0,37.0,5.0,2.0,0.0,0.7906976744186046,46.0,CCCCC/C=C\C/C=C\CCCCCCCCC(OC(=O)CCCN(C)C)CCCCCCCC/C=C\C/C=C\CCCCC
663.1049999999999,12.222599999999986,52.6,35.0,0.0,4.0,2.0,0.0,18.0,4.0,3.0,0.0,0.8571428571428571,47.0,CCCCCCCC/C=C\CCCCCCCC(=O)OCC(C[N+](C)(C)C)OC(=O)CCCCCCC/C=C\CCCCCCCC
1292.2449999999992,19.154299999999992,143.37,74.0,6.0,11.0,0.0,5.0,2.0,0.0,6.0,1.0,1.0,91.0,NCCN1CCN(CCN(CC(O)CCCCCCCCCCCC)CC(O)CCCCCCCCCCCC)CC1CN(CC(O)CCCCCCCCCCCC)CN(CC(O)CCCCCCCCCCCC)CC(O)CCCCCCCCCCCC
557.9920000000004,11.907699999999984,23.47,32.0,1.0,2.0,0.0,1.0,18.0,4.0,0.0,0.0,0.7894736842105263,40.0,CCCCC/C=C\C/C=C\CCCCCCCCN(CCCCCCCC/C=C\C/C=C\CCCCC)CCO
597.9660000000003,9.5495,76.07000000000001,34.0,1.0,6.0,2.0,1.0,9.0,2.0,2.0,0.0,0.9444444444444444,42.0,CCCCCCCCCOC(=O)CCCCCCCN(CCCCCCCC(=O)OCCCCCCCCC)CCO
577.9790000000004,10.728599999999993,49.769999999999996,33.0,1.0,4.0,1.0,1.0,9.0,3.0,1.0,0.0,0.8648648648648649,41.0,CCCCCCCCCOC(=O)CCCCCCCN(CCCCCCCC/C=C\C/C=C\CCCCC)CCO
690.1950000000002,13.847799999999973,49.769999999999996,40.0,1.0,4.0,1.0,1.0,17.0,3.0,2.0,0.0,0.8888888888888888,49.0,CCCCCCCCC(CCCCCCCC)OC(=O)CCCCCCCN(CCCCCCCC/C=C\C/C=C\CCCCC)CCO
710.1819999999998,12.668699999999982,76.07000000000001,41.0,1.0,6.0,2.0,1.0,9.0,2.0,3.0,0.0,0.9545454545454546,50.0,CCCCCCCCCOC(=O)CCCCCCCN(CCCCCCCC(=O)OC(CCCCCCCC)CCCCCCCC)CCO
822.3979999999995,15.787899999999963,76.07000000000001,48.0,1.0,6.0,2.0,1.0,17.0,2.0,4.0,0.0,0.9615384615384616,58.0,CCCCCCCCC(CCCCCCCC)OC(=O)CCCCCCCN(CCCCCCCC(=O)OC(CCCCCCCC)CCCCCCCC)CCO
737.2519999999996,13.23799999999998,59.080000000000005,42.0,0.0,6.0,2.0,2.0,9.0,2.0,3.0,0.0,0.9565217391304348,52.0,CCCCCCCCCOC(=O)CCCCCCCN(CCCCCCCC(=O)OC(CCCCCCCC)CCCCCCCC)CCN(C)C
710.1819999999998,12.668699999999982,76.07000000000001,41.0,1.0,6.0,2.0,1.0,11.0,2.0,3.0,0.0,0.9545454545454546,50.0,CCCCCCCCCCCOC(=O)CCCCCN(CCCCCCCC(=O)OC(CCCCCCCC)CCCCCCCC)CCO  
654.0740000000001,11.108299999999991,76.07000000000001,37.0,1.0,6.0,2.0,1.0,9.0,2.0,3.0,0.0,0.95,46.0,CCCCCCCCCOC(=O)CCCN(CCCCCCCC(=O)OC(CCCCCCCC)CCCCCCCC)CCO
738.2359999999996,13.448899999999977,76.07000000000001,43.0,1.0,6.0,2.0,1.0,11.0,2.0,3.0,0.0,0.9565217391304348,52.0,CCCCCCCCCCCOC(=O)CCCCCN(CCCCCC(=O)OC(CCCCCCCCCC)CCCCCCCCCC)CCO
1482.3099999999997,23.34100000000003,169.87999999999997,78.0,2.0,12.0,4.0,2.0,18.0,14.0,8.0,1.0,0.7608695652173914,106.0,CCCCC/C=C\C/C=C\CCCCCCCC(=O)OCCN(CCOC(=O)CCCCCCC/C=C\C/C=C\CCCCC)CCCCC1NC(=O)C(NC1=O)CCCCN(CCOC(=O)CCCCCCC/C=C\C/C=C\CCCCC)CCOC(=O)CCCCCCC/C=C\C/C=C\CCCCC
1314.1619999999994,21.05140000000001,145.6,70.0,6.0,8.0,0.0,2.0,18.0,10.0,8.0,1.0,0.7857142857142857,94.0,CCCCC/C=C\C/C=C\CCCCCCC(O)CN(CC(O)CCCCCC/C=C\C/C=C\CCCCC)CCCCC1NC(=O)C(NC1=O)CCCCN(CC(O)CCCCCC/C=C\C/C=C\CCCCC)CC(O)CCCCCC/C=C\C/C=C\CCCCC
422.56600000000026,4.599100000000004,110.88000000000002,14.0,3.0,7.0,2.0,0.0,5.0,2.0,8.0,1.0,0.6521739130434783,30.0,NNCC1=CC(=C(O)C(=C1)OC(=O)CC(CC)CCC)OC(=O)CC(CC)CCC
478.67400000000043,5.464300000000006,110.88000000000002,18.0,3.0,7.0,2.0,0.0,4.0,2.0,8.0,1.0,0.7037037037037037,34.0,NCCCCNCC1=CC(=C(O)C(=C1)OC(=O)CC(CC)CCC)OC(=O)CC(CC)CCC
490.6850000000005,5.558900000000006,102.09,14.0,2.0,7.0,2.0,1.0,5.0,2.0,9.0,2.0,0.7142857142857143,35.0,NC1CCN(CC1)CC2=CC(=C(O)C(=C2)OC(=O)CC(CC)CCC)OC(=O)CC(CC)CCC
519.7270000000005,4.712100000000003,105.33000000000001,16.0,2.0,8.0,2.0,2.0,2.0,2.0,8.0,2.0,0.7241379310344828,37.0,NCCN1CCN(CC1)CC2=CC(=C(O)C(=C2)OC(=O)CC(CC)CCC)OC(=O)CC(CC)CCC
507.7160000000005,4.745300000000004,128.11,19.0,3.0,8.0,2.0,1.0,3.0,2.0,8.0,1.0,0.7142857142857143,36.0,NCCCN(CC1=CC(=C(O)C(=C1)OC(=O)CC(CC)CCC)OC(=O)CC(CC)CCC)CCN
507.7160000000005,4.745300000000004,128.11,19.0,3.0,8.0,2.0,1.0,2.0,2.0,8.0,1.0,0.7142857142857143,36.0,NCCN(CC1=CC(=C(O)C(=C1)OC(=O)CC(CC)CCC)OC(=O)CC(CC)CCC)CCCN
450.62000000000035,5.379300000000006,110.88000000000002,16.0,3.0,7.0,2.0,0.0,5.0,2.0,8.0,1.0,0.68,32.0,NNCC1=CC(=C(O)C(=C1)OC(=O)CC(CC)CCCC)OC(=O)CC(CC)CCCC
506.7280000000005,6.2445000000000075,110.88000000000002,20.0,3.0,7.0,2.0,0.0,4.0,2.0,8.0,1.0,0.7241379310344828,36.0,NCCCCNCC1=CC(=C(O)C(=C1)OC(=O)CC(CC)CCCC)OC(=O)CC(CC)CCCC
518.7390000000006,6.339100000000007,102.09,16.0,2.0,7.0,2.0,1.0,5.0,2.0,9.0,2.0,0.7333333333333333,37.0,NC1CCN(CC1)CC2=CC(=C(O)C(=C2)OC(=O)CC(CC)CCCC)OC(=O)CC(CC)CCCC
547.7810000000004,5.4923000000000055,105.33000000000001,18.0,2.0,8.0,2.0,2.0,2.0,2.0,8.0,2.0,0.7419354838709677,39.0,NCCN1CCN(CC1)CC2=CC(=C(O)C(=C2)OC(=O)CC(CC)CCCC)OC(=O)CC(CC)CCCC
535.7700000000004,5.525500000000005,128.11,21.0,3.0,8.0,2.0,1.0,3.0,2.0,8.0,1.0,0.7333333333333333,38.0,NCCCN(CC1=CC(=C(O)C(=C1)OC(=O)CC(CC)CCCC)OC(=O)CC(CC)CCCC)CCN
535.7700000000004,5.525500000000005,128.11,21.0,3.0,8.0,2.0,1.0,2.0,2.0,8.0,1.0,0.7333333333333333,38.0,NCCN(CC1=CC(=C(O)C(=C1)OC(=O)CC(CC)CCCC)OC(=O)CC(CC)CCCC)CCCN
478.67400000000043,6.159500000000007,110.88000000000002,18.0,3.0,7.0,2.0,0.0,5.0,2.0,8.0,1.0,0.7037037037037037,34.0,NNCC1=CC(=C(O)C(=C1)OC(=O)CC(CC)CCCCC)OC(=O)CC(CC)CCCCC
534.7820000000005,7.024700000000008,110.88000000000002,22.0,3.0,7.0,2.0,0.0,4.0,2.0,8.0,1.0,0.7419354838709677,38.0,NCCCCNCC1=CC(=C(O)C(=C1)OC(=O)CC(CC)CCCCC)OC(=O)CC(CC)CCCCC
546.7930000000005,7.119300000000009,102.09,18.0,2.0,7.0,2.0,1.0,5.0,2.0,9.0,2.0,0.75,39.0,NC1CCN(CC1)CC2=CC(=C(O)C(=C2)OC(=O)CC(CC)CCCCC)OC(=O)CC(CC)CCCCC
575.8350000000003,6.272500000000007,105.33000000000001,20.0,2.0,8.0,2.0,2.0,2.0,2.0,8.0,2.0,0.7575757575757576,41.0,NCCN1CCN(CC1)CC2=CC(=C(O)C(=C2)OC(=O)CC(CC)CCCCC)OC(=O)CC(CC)CCCCC
563.8240000000003,6.305700000000007,128.11,23.0,3.0,8.0,2.0,1.0,3.0,2.0,8.0,1.0,0.75,40.0,NCCCN(CC1=CC(=C(O)C(=C1)OC(=O)CC(CC)CCCCC)OC(=O)CC(CC)CCCCC)CCN
563.8240000000003,6.305700000000007,128.11,23.0,3.0,8.0,2.0,1.0,2.0,2.0,8.0,1.0,0.75,40.0,NCCN(CC1=CC(=C(O)C(=C1)OC(=O)CC(CC)CCCCC)OC(=O)CC(CC)CCCCC)CCCN
506.7280000000005,6.939700000000008,110.88000000000002,20.0,3.0,7.0,2.0,0.0,5.0,2.0,8.0,1.0,0.7241379310344828,36.0,NNCC1=CC(=C(O)C(=C1)OC(=O)CC(CCCCCC)CC)OC(=O)CC(CCCCCC)CC
562.8360000000004,7.80490000000001,110.88000000000002,24.0,3.0,7.0,2.0,0.0,4.0,2.0,8.0,1.0,0.7575757575757576,40.0,NCCCCNCC1=CC(=C(O)C(=C1)OC(=O)CC(CCCCCC)CC)OC(=O)CC(CCCCCC)CC
574.8470000000003,7.89950000000001,102.09,20.0,2.0,7.0,2.0,1.0,5.0,2.0,9.0,2.0,0.7647058823529411,41.0,NC1CCN(CC1)CC2=CC(=C(O)C(=C2)OC(=O)CC(CCCCCC)CC)OC(=O)CC(CCCCCC)CC
603.8890000000001,7.052700000000008,105.33000000000001,22.0,2.0,8.0,2.0,2.0,2.0,2.0,8.0,2.0,0.7714285714285715,43.0,NCCN1CCN(CC1)CC2=CC(=C(O)C(=C2)OC(=O)CC(CCCCCC)CC)OC(=O)CC(CCCCCC)CC
591.8780000000003,7.0859000000000085,128.11,25.0,3.0,8.0,2.0,1.0,3.0,2.0,8.0,1.0,0.7647058823529411,42.0,NCCCN(CC1=CC(=C(O)C(=C1)OC(=O)CC(CCCCCC)CC)OC(=O)CC(CCCCCC)CC)CCN
591.8780000000002,7.085900000000008,128.11,25.0,3.0,8.0,2.0,1.0,2.0,2.0,8.0,1.0,0.7647058823529411,42.0,NCCN(CC1=CC(=C(O)C(=C1)OC(=O)CC(CCCCCC)CC)OC(=O)CC(CCCCCC)CC)CCCN
534.7820000000005,7.71990000000001,110.88000000000002,22.0,3.0,7.0,2.0,0.0,5.0,2.0,8.0,1.0,0.7419354838709677,38.0,NNCC1=CC(=C(O)C(=C1)OC(=O)CCC(CC)CCCCCC)OC(=O)CCC(CC)CCCCCC
590.8900000000002,8.585100000000008,110.88000000000002,26.0,3.0,7.0,2.0,0.0,4.0,2.0,8.0,1.0,0.7714285714285715,42.0,NCCCCNCC1=CC(=C(O)C(=C1)OC(=O)CCC(CC)CCCCCC)OC(=O)CCC(CC)CCCCCC
602.9010000000002,8.679700000000008,102.09,22.0,2.0,7.0,2.0,1.0,5.0,2.0,9.0,2.0,0.7777777777777778,43.0,NC1CCN(CC1)CC2=CC(=C(O)C(=C2)OC(=O)CCC(CC)CCCCCC)OC(=O)CCC(CC)CCCCCC
631.9430000000001,7.832900000000009,105.33000000000001,24.0,2.0,8.0,2.0,2.0,2.0,2.0,8.0,2.0,0.7837837837837838,45.0,NCCN1CCN(CC1)CC2=CC(=C(O)C(=C2)OC(=O)CCC(CC)CCCCCC)OC(=O)CCC(CC)CCCCCC
619.932,7.866100000000009,128.11,27.0,3.0,8.0,2.0,1.0,3.0,2.0,8.0,1.0,0.7777777777777778,44.0,NCCCN(CC1=CC(=C(O)C(=C1)OC(=O)CCC(CC)CCCCCC)OC(=O)CCC(CC)CCCCCC)CCN
619.932,7.866100000000009,128.11,27.0,3.0,8.0,2.0,1.0,2.0,2.0,8.0,1.0,0.7777777777777778,44.0,NCCN(CC1=CC(=C(O)C(=C1)OC(=O)CCC(CC)CCCCCC)OC(=O)CCC(CC)CCCCCC)CCCN
548.7650000000002,7.015300000000008,116.95000000000002,20.0,2.0,8.0,3.0,0.0,5.0,3.0,10.0,1.0,0.7096774193548387,39.0,NNCC1=CC(=C(OC(=O)CC(CC)CCC)C(=C1)OC(=O)CC(CC)CCC)OC(=O)CC(CC)CCC
604.8730000000002,7.88050000000001,116.95000000000002,24.0,2.0,8.0,3.0,0.0,4.0,3.0,10.0,1.0,0.7428571428571429,43.0,NCCCCNCC1=CC(=C(OC(=O)CC(CC)CCC)C(=C1)OC(=O)CC(CC)CCC)OC(=O)CC(CC)CCC
616.8840000000001,7.97510000000001,108.16,20.0,1.0,8.0,3.0,1.0,5.0,3.0,11.0,2.0,0.75,44.0,NC1CCN(CC1)CC2=CC(=C(OC(=O)CC(CC)CCC)C(=C2)OC(=O)CC(CC)CCC)OC(=O)CC(CC)CCC
645.926,7.128300000000007,111.4,22.0,1.0,9.0,3.0,2.0,2.0,3.0,10.0,2.0,0.7567567567567568,46.0,NCCN1CCN(CC1)CC2=CC(=C(OC(=O)CC(CC)CCC)C(=C2)OC(=O)CC(CC)CCC)OC(=O)CC(CC)CCC
633.915,7.161500000000008,134.18,25.0,2.0,9.0,3.0,1.0,3.0,3.0,10.0,1.0,0.75,45.0,NCCCN(CC1=CC(=C(OC(=O)CC(CC)CCC)C(=C1)OC(=O)CC(CC)CCC)OC(=O)CC(CC)CCC)CCN
633.9149999999998,7.161500000000008,134.18,25.0,2.0,9.0,3.0,1.0,2.0,3.0,10.0,1.0,0.75,45.0,NCCN(CC1=CC(=C(OC(=O)CC(CC)CCC)C(=C1)OC(=O)CC(CC)CCC)OC(=O)CC(CC)CCC)CCCN
590.8460000000001,8.18560000000001,116.95000000000002,23.0,2.0,8.0,3.0,0.0,5.0,3.0,10.0,1.0,0.7352941176470589,42.0,NNCC1=CC(=C(OC(=O)CC(CC)CCCC)C(=C1)OC(=O)CC(CC)CCCC)OC(=O)CC(CC)CCCC
646.9540000000001,9.050800000000004,116.95000000000002,27.0,2.0,8.0,3.0,0.0,4.0,3.0,10.0,1.0,0.7631578947368421,46.0,NCCCCNCC1=CC(=C(OC(=O)CC(CC)CCCC)C(=C1)OC(=O)CC(CC)CCCC)OC(=O)CC(CC)CCCC
658.965,9.145400000000004,108.16,23.0,1.0,8.0,3.0,1.0,5.0,3.0,11.0,2.0,0.7692307692307693,47.0,NC1CCN(CC1)CC2=CC(=C(OC(=O)CC(CC)CCCC)C(=C2)OC(=O)CC(CC)CCCC)OC(=O)CC(CC)CCCC
688.007,8.298600000000008,111.4,25.0,1.0,9.0,3.0,2.0,2.0,3.0,10.0,2.0,0.775,49.0,NCCN1CCN(CC1)CC2=CC(=C(OC(=O)CC(CC)CCCC)C(=C2)OC(=O)CC(CC)CCCC)OC(=O)CC(CC)CCCC
675.9959999999998,8.33180000000001,134.18,28.0,2.0,9.0,3.0,1.0,3.0,3.0,10.0,1.0,0.7692307692307693,48.0,NCCCN(CC1=CC(=C(OC(=O)CC(CC)CCCC)C(=C1)OC(=O)CC(CC)CCCC)OC(=O)CC(CC)CCCC)CCN
675.9959999999998,8.33180000000001,134.18,28.0,2.0,9.0,3.0,1.0,2.0,3.0,10.0,1.0,0.7692307692307693,48.0,NCCN(CC1=CC(=C(OC(=O)CC(CC)CCCC)C(=C1)OC(=O)CC(CC)CCCC)OC(=O)CC(CC)CCCC)CCCN
632.9269999999999,9.355900000000002,116.95000000000002,26.0,2.0,8.0,3.0,0.0,5.0,3.0,10.0,1.0,0.7567567567567568,45.0,NNCC1=CC(=C(OC(=O)CC(CC)CCCCC)C(=C1)OC(=O)CC(CC)CCCCC)OC(=O)CC(CC)CCCCC
689.0350000000001,10.221099999999998,116.95000000000002,30.0,2.0,8.0,3.0,0.0,4.0,3.0,10.0,1.0,0.7804878048780488,49.0,NCCCCNCC1=CC(=C(OC(=O)CC(CC)CCCCC)C(=C1)OC(=O)CC(CC)CCCCC)OC(=O)CC(CC)CCCCC
701.0459999999999,10.315699999999998,108.16,26.0,1.0,8.0,3.0,1.0,5.0,3.0,11.0,2.0,0.7857142857142857,50.0,NC1CCN(CC1)CC2=CC(=C(OC(=O)CC(CC)CCCCC)C(=C2)OC(=O)CC(CC)CCCCC)OC(=O)CC(CC)CCCCC
730.0879999999997,9.468900000000001,111.4,28.0,1.0,9.0,3.0,2.0,2.0,3.0,10.0,2.0,0.7906976744186046,52.0,NCCN1CCN(CC1)CC2=CC(=C(OC(=O)CC(CC)CCCCC)C(=C2)OC(=O)CC(CC)CCCCC)OC(=O)CC(CC)CCCCC
718.0769999999998,9.502100000000004,134.18,31.0,2.0,9.0,3.0,1.0,3.0,3.0,10.0,1.0,0.7857142857142857,51.0,NCCCN(CC1=CC(=C(OC(=O)CC(CC)CCCCC)C(=C1)OC(=O)CC(CC)CCCCC)OC(=O)CC(CC)CCCCC)CCN
718.0769999999997,9.502100000000004,134.18,31.0,2.0,9.0,3.0,1.0,2.0,3.0,10.0,1.0,0.7857142857142857,51.0,NCCN(CC1=CC(=C(OC(=O)CC(CC)CCCCC)C(=C1)OC(=O)CC(CC)CCCCC)OC(=O)CC(CC)CCCCC)CCCN
717.0889999999998,11.696499999999988,116.95000000000002,32.0,2.0,8.0,3.0,0.0,5.0,3.0,10.0,1.0,0.7906976744186046,51.0,NNCC1=CC(=C(OC(=O)CCC(CC)CCCCCC)C(=C1)OC(=O)CCC(CC)CCCCCC)OC(=O)CCC(CC)CCCCCC
773.1969999999997,12.561699999999982,116.95000000000002,36.0,2.0,8.0,3.0,0.0,4.0,3.0,10.0,1.0,0.8085106382978723,55.0,NCCCCNCC1=CC(=C(OC(=O)CCC(CC)CCCCCC)C(=C1)OC(=O)CCC(CC)CCCCCC)OC(=O)CCC(CC)CCCCCC
785.2079999999995,12.656299999999984,108.16,32.0,1.0,8.0,3.0,1.0,5.0,3.0,11.0,2.0,0.8125,56.0,NC1CCN(CC1)CC2=CC(=C(OC(=O)CCC(CC)CCCCCC)C(=C2)OC(=O)CCC(CC)CCCCCC)OC(=O)CCC(CC)CCCCCC
814.2499999999994,11.80949999999999,111.4,34.0,1.0,9.0,3.0,2.0,2.0,3.0,10.0,2.0,0.8163265306122449,58.0,NCCN1CCN(CC1)CC2=CC(=C(OC(=O)CCC(CC)CCCCCC)C(=C2)OC(=O)CCC(CC)CCCCCC)OC(=O)CCC(CC)CCCCCC
802.2389999999995,11.84269999999999,134.18,37.0,2.0,9.0,3.0,1.0,3.0,3.0,10.0,1.0,0.8125,57.0,NCCCN(CC1=CC(=C(OC(=O)CCC(CC)CCCCCC)C(=C1)OC(=O)CCC(CC)CCCCCC)OC(=O)CCC(CC)CCCCCC)CCN
802.2389999999995,11.84269999999999,134.18,37.0,2.0,9.0,3.0,1.0,2.0,3.0,10.0,1.0,0.8125,57.0,NCCN(CC1=CC(=C(OC(=O)CCC(CC)CCCCCC)C(=C1)OC(=O)CCC(CC)CCCCCC)OC(=O)CCC(CC)CCCCCC)CCCN
450.6200000000004,5.667500000000006,110.88000000000002,18.0,3.0,7.0,2.0,0.0,5.0,2.0,6.0,1.0,0.68,32.0,NNCC1=CC(=C(O)C(=C1)OC(=O)CCCCCCCC)OC(=O)CCCCCCCC
506.72800000000063,6.532700000000007,110.88000000000002,22.0,3.0,7.0,2.0,0.0,4.0,2.0,6.0,1.0,0.7241379310344828,36.0,NCCCCNCC1=CC(=C(O)C(=C1)OC(=O)CCCCCCCC)OC(=O)CCCCCCCC
518.7390000000007,6.627300000000008,102.09,18.0,2.0,7.0,2.0,1.0,5.0,2.0,7.0,2.0,0.7333333333333333,37.0,NC1CCN(CC1)CC2=CC(=C(O)C(=C2)OC(=O)CCCCCCCC)OC(=O)CCCCCCCC
547.7810000000005,5.780500000000006,105.33000000000001,20.0,2.0,8.0,2.0,2.0,2.0,2.0,6.0,2.0,0.7419354838709677,39.0,NCCN1CCN(CC1)CC2=CC(=C(O)C(=C2)OC(=O)CCCCCCCC)OC(=O)CCCCCCCC
535.7700000000004,5.813700000000006,128.11,23.0,3.0,8.0,2.0,1.0,3.0,2.0,6.0,1.0,0.7333333333333333,38.0,NCCCN(CC1=CC(=C(O)C(=C1)OC(=O)CCCCCCCC)OC(=O)CCCCCCCC)CCN
535.7700000000004,5.813700000000006,128.11,23.0,3.0,8.0,2.0,1.0,2.0,2.0,6.0,1.0,0.7333333333333333,38.0,NCCN(CC1=CC(=C(O)C(=C1)OC(=O)CCCCCCCC)OC(=O)CCCCCCCC)CCCN
394.5120000000002,4.1071000000000035,110.88000000000002,14.0,3.0,7.0,2.0,0.0,5.0,2.0,6.0,1.0,0.6190476190476191,28.0,NNCC1=CC(=C(O)C(=C1)OC(=O)CCCCCC)OC(=O)CCCCCC
478.67400000000043,5.287000000000005,88.1,17.0,2.0,7.0,2.0,1.0,1.0,2.0,8.0,1.0,0.7037037037037037,34.0,CN(C)CCNCC1=CC(=C(O)C(=C1)OC(=O)CC(CC)CCC)OC(=O)CC(CC)CCC
576.8630000000002,8.19340000000001,110.88000000000002,24.0,3.0,7.0,2.0,0.0,11.0,2.0,9.0,1.0,0.7647058823529411,41.0,CCCCCCCC(CCCN)NCC1=CC(=C(O)C(=C1)OC(=O)CC(CC)CCC)OC(=O)CC(CC)CCC
520.7550000000007,7.4407000000000085,88.1,22.0,2.0,7.0,2.0,1.0,1.0,2.0,6.0,1.0,0.7333333333333333,37.0,CN(CCCC)NCC1=CC(=C(O)C(=C1)OC(=O)CCCCCCCC)OC(=O)CCCCCCCC
603.9290000000001,10.282399999999996,84.85999999999999,26.0,2.0,6.0,2.0,0.0,10.0,2.0,9.0,1.0,0.7837837837837838,43.0,CCCCCCCC(CCNCC1=CC(=C(O)C(=C1)OC(=O)CC(CC)CCCC)OC(=O)CC(CC)CCCC)CC
534.7820000000005,6.847400000000008,88.1,21.0,2.0,7.0,2.0,1.0,1.0,2.0,8.0,1.0,0.7419354838709677,38.0,CN(C)CCNCC1=CC(=C(O)C(=C1)OC(=O)CC(CC)CCCCC)OC(=O)CC(CC)CCCCC
548.8090000000004,7.932700000000009,88.1,22.0,2.0,7.0,2.0,1.0,1.0,2.0,8.0,1.0,0.75,39.0,CN(CCCC)NCC1=CC(=C(O)C(=C1)OC(=O)CC(CC)CCCCC)OC(=O)CC(CC)CCCCC
590.8900000000002,9.103000000000005,88.1,25.0,2.0,7.0,2.0,1.0,5.0,2.0,8.0,1.0,0.7714285714285715,42.0,CCCCCN(CCC)NCC1=CC(=C(O)C(=C1)OC(=O)CC(CC)CCCCC)OC(=O)CC(CC)CCCCC
631.983,11.06259999999999,84.85999999999999,28.0,2.0,6.0,2.0,0.0,10.0,2.0,9.0,1.0,0.7948717948717948,45.0,CCCCCCCC(CCNCC1=CC(=C(O)C(=C1)OC(=O)CC(CC)CCCCC)OC(=O)CC(CC)CCCCC)CC
632.971,9.7538,110.88000000000002,28.0,3.0,7.0,2.0,0.0,11.0,2.0,9.0,1.0,0.7894736842105263,45.0,CCCCCCCC(CCCN)NCC1=CC(=C(O)C(=C1)OC(=O)CC(CC)CCCCC)OC(=O)CC(CC)CCCCC
618.9440000000001,9.365300000000003,110.88000000000002,28.0,3.0,7.0,2.0,0.0,10.0,2.0,8.0,1.0,0.7837837837837838,44.0,NCCCCCCCCCCNCC1=CC(=C(O)C(=C1)OC(=O)CC(CC)CCCCC)OC(=O)CC(CC)CCCCC
618.9000000000001,8.788500000000006,94.17000000000002,24.0,1.0,8.0,3.0,1.0,1.0,3.0,10.0,1.0,0.75,44.0,CN(CCCC)NCC1=CC(=C(OC(=O)CC(CC)CCC)C(=C1)OC(=O)CC(CC)CCC)OC(=O)CC(CC)CCC
689.035,10.221099999999998,116.95000000000002,30.0,2.0,8.0,3.0,0.0,10.0,3.0,10.0,1.0,0.7804878048780488,49.0,NCCCCCCCCCCNCC1=CC(=C(OC(=O)CC(CC)CCC)C(=C1)OC(=O)CC(CC)CCC)OC(=O)CC(CC)CCC
703.062,11.129099999999992,94.17000000000002,30.0,1.0,8.0,3.0,1.0,5.0,3.0,10.0,1.0,0.7857142857142857,50.0,CCCCCN(CCC)NCC1=CC(=C(OC(=O)CC(CC)CCCC)C(=C1)OC(=O)CC(CC)CCCC)OC(=O)CC(CC)CCCC
745.1429999999997,11.779899999999989,116.95000000000002,33.0,2.0,8.0,3.0,0.0,11.0,3.0,11.0,1.0,0.8,53.0,CCCCCCCC(CCCN)NCC1=CC(=C(OC(=O)CC(CC)CCCC)C(=C1)OC(=O)CC(CC)CCCC)OC(=O)CC(CC)CCCC
660.9810000000001,9.958799999999998,94.17000000000002,27.0,1.0,8.0,3.0,1.0,1.0,3.0,10.0,1.0,0.7692307692307693,47.0,CN(CCCC)NCC1=CC(=C(OC(=O)CC(CC)CCCC)C(=C1)OC(=O)CC(CC)CCCC)OC(=O)CC(CC)CCCC
744.1549999999997,13.088699999999978,90.93,33.0,1.0,7.0,3.0,0.0,10.0,3.0,11.0,1.0,0.8043478260869565,53.0,CCCCCCCC(CCNCC1=CC(=C(OC(=O)CC(CC)CCCC)C(=C1)OC(=O)CC(CC)CCCC)OC(=O)CC(CC)CCCC)CC
689.0350000000001,10.0438,94.17000000000002,29.0,1.0,8.0,3.0,1.0,1.0,3.0,10.0,1.0,0.7804878048780488,49.0,CN(C)CCNCC1=CC(=C(OC(=O)CC(CC)CCCCC)C(=C1)OC(=O)CC(CC)CCCCC)OC(=O)CC(CC)CCCCC
745.1429999999998,12.299399999999984,94.17000000000002,33.0,1.0,8.0,3.0,1.0,5.0,3.0,10.0,1.0,0.8,53.0,CCCCCN(CCC)NCC1=CC(=C(OC(=O)CC(CC)CCCCC)C(=C1)OC(=O)CC(CC)CCCCC)OC(=O)CC(CC)CCCCC
773.1969999999997,12.384399999999985,94.17000000000002,35.0,1.0,8.0,3.0,1.0,1.0,3.0,10.0,1.0,0.8085106382978723,55.0,CN(C)CCNCC1=CC(=C(OC(=O)CCC(CC)CCCCCC)C(=C1)OC(=O)CCC(CC)CCCCCC)OC(=O)CCC(CC)CCCCCC
829.3049999999995,14.63999999999997,94.17000000000002,39.0,1.0,8.0,3.0,1.0,5.0,3.0,10.0,1.0,0.8235294117647058,59.0,CCCCCN(CCC)NCC1=CC(=C(OC(=O)CCC(CC)CCCCCC)C(=C1)OC(=O)CCC(CC)CCCCCC)OC(=O)CCC(CC)CCCCCC
857.3589999999994,14.902299999999968,116.95000000000002,42.0,2.0,8.0,3.0,0.0,10.0,3.0,10.0,1.0,0.8301886792452831,61.0,NCCCCCCCCCCNCC1=CC(=C(OC(=O)CCC(CC)CCCCCC)C(=C1)OC(=O)CCC(CC)CCCCCC)OC(=O)CCC(CC)CCCCCC
1594.526,26.461800000000057,169.87999999999997,86.0,2.0,12.0,4.0,2.0,18.0,14.0,8.0,1.0,0.78,114.0,CCCCC/C=C\C/C=C\CCCCCCCC(=O)OCCCCN(CCCCOC(=O)CCCCCCC/C=C\C/C=C\CCCCC)CCCC[C@@H]1NC(=O)[C@@H](NC1=O)CCCCN(CCCCOC(=O)CCCCCCC/C=C\C/C=C\CCCCC)CCCCOC(=O)CCCCCCC/C=C\C/C=C\CCCCC
,,,,,,,,,,,,,,CCCCCCCCCCCC(O)CN1CCCCC(C(=O)NC2CCCCCNC(=O)C3N(CC(O)CCCCCCCCCCCC)CCC(CC3)N(CC(O)CCCCCCCCCCCC)CC(O)CCCCCCCCCCCC)C1
970.5629999999991,15.30749999999997,88.62000000000002,51.0,0.0,9.0,3.0,3.0,9.0,6.0,3.0,1.0,0.85,69.0,CCCCCC/C=C\COC(=O)CCCCCCCCN1CCN(CC1)CCN(CCCCCCCCC(=O)OC/C=C\CCCCCC)CCCCCCCCC(=O)OC/C=C\CCCCCC
642.1100000000001,13.456999999999976,21.700000000000003,33.0,0.0,3.0,0.0,1.0,37.0,4.0,2.0,1.0,0.813953488372093,46.0,CCCCC/C=C\C/C=C\CCCCCCCCC1(OC(CO1)CCN(C)C)CCCCCCCC/C=C\C/C=C\CCCCC
926.554999999999,10.116999999999997,117.35000000000001,49.0,5.0,10.0,0.0,5.0,9.0,0.0,5.0,1.0,1.0,65.0,CCCCCCCC(O)CN(CCN1CCN(CCN(CC(O)CCCCCCC)CC(O)CCCCCCC)CC1)CCN(CC(O)CCCCCCC)CC(O)CCCCCCC
996.6899999999989,12.067499999999985,117.35000000000001,54.0,5.0,10.0,0.0,5.0,10.0,0.0,5.0,1.0,1.0,70.0,OC(CN(CCN1CCN(CC1)CCN(CC(O)CCCCCCCC)CC(O)CCCCCCCC)CCN(CC(O)CCCCCCCC)CC(O)CCCCCCCC)CCCCCCCC
837.3289999999993,10.065499999999997,100.65000000000002,41.0,1.0,10.0,3.0,3.0,9.0,3.0,6.0,1.0,0.9387755102040817,59.0,CCCCCCCC(C)COC(=O)CCN1CCN(CCNCCN(CCC(=O)OCC(C)CCCCCCCC)CCC(=O)OCC(C)CCCCCCCC)CC1
670.592,10.173399999999997,18.46,37.0,0.0,2.0,0.0,0.0,18.0,2.0,1.0,0.0,0.9047619047619048,46.0,CCCCCCCC/C=C\CCCCCCCCOCC(C[N+](C)(C)C)OCCCCCCCC/C=C\CCCCCCCC.[Cl-]
662.0969999999999,12.325599999999984,55.84,36.0,0.0,5.0,2.0,1.0,18.0,4.0,3.0,0.0,0.8571428571428571,47.0,CCCCCCCC/C=C\CCCCCCCC(=O)OCC(COC(=O)CCCCCCC/C=C\CCCCCCCC)CN(C)C
1451.1579999999994,18.436399999999985,220.11999999999995,76.0,0.0,19.0,8.0,3.0,3.0,8.0,12.0,0.0,0.9036144578313253,102.0,O=C(CCN(CCCN(CCCN(CCC(OCCCCOC(C(CCCCCC)CCCC)=O)=O)CCC(OCCCCOC(C(CCCCCC)CCCC)=O)=O)C)CCC(OCCCCOC(C(CCCCCC)CCCC)=O)=O)OCCCCOC(C(CCCCCC)CCCC)=O
766.2899999999995,13.942499999999974,76.07,44.0,1.0,6.0,2.0,1.0,15.0,2.0,4.0,0.0,0.9583333333333334,54.0,CCCCCCCCC(CCCCCC)C(=O)OCCCCCCN(CCCCCCOC(=O)C(CCCCCC)CCCCCCCC)CCCCO
650.0860000000001,11.849299999999987,55.84,32.0,0.0,5.0,2.0,1.0,20.0,2.0,5.0,1.0,0.9512195121951219,46.0,CCCCCCCCCCC(CCCCCCCCC(=O)OCCC(CCCCC)CCCCC)COC(=O)C1CCN(CC1)C
726.2319999999995,13.561699999999977,45.14000000000001,36.0,0.0,5.0,1.0,2.0,35.0,4.0,3.0,2.0,0.8723404255319149,52.0,CCCCCCCC/C=C\CCCCCCCC1(N(C(N=C1)C(=O)OCC)CCCN2CCCC2)CCCCCCC/C=C\CCCCCCCC
770.1499999999996,8.356800000000007,114.92000000000003,40.0,0.0,11.0,4.0,3.0,6.0,4.0,4.0,0.0,0.9069767441860465,54.0,CCCCCCOC(=O)CCN(CCCN(C)CCCN(CCC(=O)OCCCCCC)CCC(=O)OCCCCCC)CCC(=O)OCCCCCC
883.3539999999992,10.721499999999994,140.94,48.0,1.0,12.0,4.0,3.0,8.0,4.0,4.0,0.0,0.92,62.0,CCCCCCCCOC(=O)CCN(CCCN(N)CCCN(CCC(=O)OCCCCCCCC)CCC(=O)OCCCCCCCC)CCC(=O)OCCCCCCCC
938.473999999999,13.037999999999982,114.92000000000003,52.0,0.0,11.0,4.0,3.0,9.0,4.0,4.0,0.0,0.9272727272727272,66.0,CCCCCCCCC(OC(=O)CCN(CCCN(C)CCCN(CCC(=O)OCCCCCCCCC)CCC(=O)OCCCCCCCCC)CCC(=O)OCCCCCCCCC)
1036.6629999999986,15.192299999999971,114.92000000000003,55.0,0.0,11.0,4.0,3.0,9.0,4.0,8.0,0.0,0.9354838709677419,73.0,CCCCCCCC(C)COC(=O)CCN(CCCN(C)CCCN(CCC(=O)OCC(C)CCCCCCCC)CCC(=O)OCC(C)CCCCCCCC)CCC(=O)OCC(C)CCCCCCCC
994.5819999999987,14.598399999999973,114.92000000000003,56.0,0.0,11.0,4.0,3.0,10.0,4.0,4.0,0.0,0.9322033898305084,70.0,CCCCCCCCCCOC(=O)CCN(CCCN(C)CCCN(CCC(=O)OCCCCCCCCCC)CCC(=O)OCCCCCCCCCC)CCC(=O)OCCCCCCCCCC
1050.6899999999985,16.158799999999967,114.92000000000003,60.0,0.0,11.0,4.0,3.0,11.0,4.0,4.0,0.0,0.9365079365079365,74.0,CCCCCCCCCCCOC(=O)CCN(CCCN(C)CCCN(CCC(=O)OCCCCCCCCCCC)CCC(=O)OCCCCCCCCCCC)CCC(=O)OCCCCCCCCCCC
1092.7709999999986,17.32909999999998,114.92000000000003,63.0,0.0,11.0,4.0,3.0,11.0,4.0,4.0,0.0,0.9393939393939394,77.0,CCCCCCCCCCCOC(=O)CCN(CCCN(C)CCCN(CCC(=O)OCCCCCCCCCCCC)CCC(=O)OCCCCCCCCCCCC)CCC(=O)OCCCCCCCCCCCC
1162.9059999999988,19.279599999999995,114.92000000000003,68.0,0.0,11.0,4.0,3.0,13.0,4.0,4.0,0.0,0.9436619718309859,82.0,CCCCCCCCCCCCCOC(=O)CCN(CCCN(C)CCCN(CCC(=O)OCCCCCCCCCCCCC)CCC(=O)OCCCCCCCCCCCCC)CCC(=O)OCCCCCCCCCCCCC
1219.013999999999,20.840000000000007,114.92000000000003,72.0,0.0,11.0,4.0,3.0,14.0,4.0,4.0,0.0,0.9466666666666667,86.0,CCCCCCCCCCCCCCOC(=O)CCN(CCCN(C)CCCN(CCC(=O)OCCCCCCCCCCCCCC)CCC(=O)OCCCCCCCCCCCCCC)CCC(=O)OCCCCCCCCCCCCCC
1331.2299999999987,23.96080000000003,114.92000000000003,80.0,0.0,11.0,4.0,3.0,16.0,4.0,4.0,0.0,0.9518072289156626,94.0,CCCCCCCCCCCCCCCCOC(=O)CCN(CCCN(C)CCCN(CCC(=O)OCCCCCCCCCCCCCCCC)CCC(=O)OCCCCCCCCCCCCCCCC)CCC(=O)OCCCCCCCCCCCCCCCC
1443.4459999999992,27.08160000000006,114.92000000000003,88.0,0.0,11.0,4.0,3.0,18.0,4.0,4.0,0.0,0.9560439560439561,102.0,CCCCCCCCCCCCCCCCCCOC(=O)CCN(CCCN(C)CCCN(CCC(=O)OCCCCCCCCCCCCCCCCCC)CCC(=O)OCCCCCCCCCCCCCCCCCC)CCC(=O)OCCCCCCCCCCCCCCCCCC
616.0720000000001,12.57679999999998,21.700000000000003,35.0,0.0,3.0,0.0,1.0,18.0,4.0,1.0,0.0,0.8048780487804879,44.0,CCCCC/C=C\C/C=C\CCCCCCCCOCC(CN(C)C)OCCCCCCCC/C=C\C/C=C\CCCCC
