endpoint,endpoint_column,model_id,model_label,feature_set,fold,n_train,n_test,n_train_studies,n_test_studies,selected_ridge_alpha,mae,rmse,r2,spearman_rho
transfection,transfection_pctile,baseline_mean,Mean baseline,none,1,85,34,14,1,,0.19767441860465115,0.22963431299982554,-0.014085267226090936,
transfection,transfection_pctile,baseline_mean,Mean baseline,none,2,90,29,14,1,,0.23330381805221426,0.2728288060976943,-0.036573003275516935,
transfection,transfection_pctile,baseline_mean,Mean baseline,none,3,100,19,12,3,,0.22816707466340272,0.28290911841849403,-0.005766023582506108,
transfection,transfection_pctile,baseline_mean,Mean baseline,none,4,100,19,10,5,,0.23532249956286064,0.26632564190361263,-0.002695837932569667,
transfection,transfection_pctile,baseline_mean,Mean baseline,none,5,101,18,10,5,,0.23530585616701208,0.2642597033012779,-0.0216927617298297,
transfection,transfection_pctile,ridge_composition,Ridge: composition,composition,1,85,34,14,1,100.0,0.19221234390167732,0.22326127002107107,0.041421487956282976,0.6501862779362726
transfection,transfection_pctile,ridge_composition,Ridge: composition,composition,2,90,29,14,1,10.0,0.251160627657212,0.3023371654633616,-0.2729241406723668,
transfection,transfection_pctile,ridge_composition,Ridge: composition,composition,3,100,19,12,3,100.0,0.22858018361056223,0.27715423918066096,0.0347359740512182,-0.058452726089438634
transfection,transfection_pctile,ridge_composition,Ridge: composition,composition,4,100,19,10,5,30.0,0.23986489524775065,0.26818982609623226,-0.016781989136759545,0.06525567160438078
transfection,transfection_pctile,ridge_composition,Ridge: composition,composition,5,101,18,10,5,100.0,0.22160502456823408,0.2616634879001387,-0.00171616629668625,0.04400985931285282
transfection,transfection_pctile,rf_composition,RF: composition,composition,1,85,34,14,1,,0.21009574629651936,0.2457384415467103,-0.161307168873712,-0.5851786013810885
transfection,transfection_pctile,rf_composition,RF: composition,composition,2,90,29,14,1,,0.25063684130133174,0.3015593751056152,-0.2663831347045831,
transfection,transfection_pctile,rf_composition,RF: composition,composition,3,100,19,12,3,,0.2143417268816639,0.2650128956053537,0.11745454185253923,0.5594760925703413
transfection,transfection_pctile,rf_composition,RF: composition,composition,4,100,19,10,5,,0.2329918680633681,0.2743073804101128,-0.06369773093072983,0.14705503460142152
transfection,transfection_pctile,rf_composition,RF: composition,composition,5,101,18,10,5,,0.22786907672177095,0.26615597534187985,-0.036408275354504305,-0.19604391875725347
transfection,transfection_pctile,ridge_descriptors,Ridge: descriptors,descriptors,1,85,34,14,1,100.0,0.212517211015676,0.2525758169788743,-0.22683015005052454,
transfection,transfection_pctile,ridge_descriptors,Ridge: descriptors,descriptors,2,90,29,14,1,100.0,0.2387039348091052,0.27879185298012,-0.08237961782871372,-0.5456449468536707
transfection,transfection_pctile,ridge_descriptors,Ridge: descriptors,descriptors,3,100,19,12,3,100.0,0.2352432433175347,0.2960650188681032,-0.10148164259912185,-0.26530549002594694
transfection,transfection_pctile,ridge_descriptors,Ridge: descriptors,descriptors,4,100,19,10,5,100.0,0.2448276136711934,0.27945644280267956,-0.10400617013579172,-0.19181630750364484
transfection,transfection_pctile,ridge_descriptors,Ridge: descriptors,descriptors,5,101,18,10,5,100.0,0.24455479538233071,0.2701105638160923,-0.06743532112587292,-0.19032835261272713
transfection,transfection_pctile,rf_descriptors,RF: descriptors,descriptors,1,85,34,14,1,,0.2030181570922246,0.23716229867922367,-0.08166358658325268,
transfection,transfection_pctile,rf_descriptors,RF: descriptors,descriptors,2,90,29,14,1,,0.25132667870446473,0.296034554714191,-0.22040580017680256,-0.5382530532408416
transfection,transfection_pctile,rf_descriptors,RF: descriptors,descriptors,3,100,19,12,3,,0.24945817365180228,0.30754993141042336,-0.1885962030699786,-0.20988208286299226
transfection,transfection_pctile,rf_descriptors,RF: descriptors,descriptors,4,100,19,10,5,,0.2753525501212024,0.3195358288558233,-0.4433856085499215,0.0890346811365262
transfection,transfection_pctile,rf_descriptors,RF: descriptors,descriptors,5,101,18,10,5,,0.27168540889410486,0.30178794500930706,-0.3324846234688401,-0.10459486044483203
transfection,transfection_pctile,ridge_combined,Ridge: combined,combined,1,85,34,14,1,100.0,0.20883416252480483,0.25325892085157653,-0.23347517025825648,0.6821349540077928
transfection,transfection_pctile,ridge_combined,Ridge: combined,combined,2,90,29,14,1,100.0,0.24373988064901267,0.2855266293599037,-0.13530535345985806,-0.5301219702667296
transfection,transfection_pctile,ridge_combined,Ridge: combined,combined,3,100,19,12,3,100.0,0.23120576801806142,0.2855803667139984,-0.024848720997397544,-0.1707445945759506
transfection,transfection_pctile,ridge_combined,Ridge: combined,combined,4,100,19,10,5,100.0,0.2511393751993699,0.2850375804222898,-0.14854361799060767,-0.2011053058547355
transfection,transfection_pctile,ridge_combined,Ridge: combined,combined,5,101,18,10,5,1.0,0.23278000975591728,0.32441199078962774,-0.5397571399515775,0.021758689655270228
transfection,transfection_pctile,rf_combined,RF: combined,combined,1,85,34,14,1,,0.2122823415691038,0.24696084994923623,-0.17288958521054543,-0.07431834409142167
transfection,transfection_pctile,rf_combined,RF: combined,combined,2,90,29,14,1,,0.2899009127368727,0.3554876521458753,-0.7598209720687124,-0.4581742057685259
transfection,transfection_pctile,rf_combined,RF: combined,combined,3,100,19,12,3,,0.23290310322993443,0.2922818951627588,-0.0735119887200133,0.08003652870747685
transfection,transfection_pctile,rf_combined,RF: combined,combined,4,100,19,10,5,,0.27319196761385656,0.3184805530200083,-0.43386771001164126,0.17161165970449777
transfection,transfection_pctile,rf_combined,RF: combined,combined,5,101,18,10,5,,0.2549270368898721,0.28182656558203184,-0.16204323569112322,-0.16886364277653865
particle_size,size_mean,baseline_mean,Mean baseline,none,1,203,95,27,1,,61.54750064817216,66.97630916599806,-5.429161099139284,
particle_size,size_mean,baseline_mean,Mean baseline,none,2,247,51,22,6,,38.30187108041597,44.74309339926874,-0.38841803671988817,
particle_size,size_mean,baseline_mean,Mean baseline,none,3,247,51,21,7,,24.045244899579256,31.57057402439998,-0.21440839377802012,
particle_size,size_mean,baseline_mean,Mean baseline,none,4,247,51,21,7,,50.671721044693186,56.81909175059065,-0.6304138656948439,
particle_size,size_mean,baseline_mean,Mean baseline,none,5,248,50,21,7,,43.07845322580646,46.76517231802433,-0.294688219377955,
particle_size,size_mean,ridge_composition,Ridge: composition,composition,1,203,95,27,1,100.0,61.543800058354456,66.97290854580912,-5.4285082539685,
particle_size,size_mean,ridge_composition,Ridge: composition,composition,2,247,51,22,6,30.0,57.0570943471008,79.15086977653573,-3.344898314941415,-0.1406346062599615
particle_size,size_mean,ridge_composition,Ridge: composition,composition,3,247,51,21,7,100.0,23.27237214018155,31.842487943802958,-0.2354176156459522,0.5428211350851311
particle_size,size_mean,ridge_composition,Ridge: composition,composition,4,247,51,21,7,100.0,46.49628228395205,53.47368931409165,-0.44407444450686717,0.28892728600761974
particle_size,size_mean,ridge_composition,Ridge: composition,composition,5,248,50,21,7,100.0,45.40059910067489,51.78625590986618,-0.5876294438703873,-0.6063384251567834
particle_size,size_mean,rf_composition,RF: composition,composition,1,203,95,27,1,,47.5510497962989,53.53154633463161,-3.107063929646361,
particle_size,size_mean,rf_composition,RF: composition,composition,2,247,51,22,6,,37.02171926682756,47.09674646941904,-0.5383319011878673,-0.06437874827175287
particle_size,size_mean,rf_composition,RF: composition,composition,3,247,51,21,7,,28.410764574591557,34.73893007822512,-0.4703904742173013,0.5365757792816765
particle_size,size_mean,rf_composition,RF: composition,composition,4,247,51,21,7,,31.698030624846822,39.94300977961054,0.19426754233970578,0.6136639929470102
particle_size,size_mean,rf_composition,RF: composition,composition,5,248,50,21,7,,44.2236734595585,56.64128523177675,-0.8992682879123242,-0.35633811493978285
particle_size,size_mean,ridge_descriptors,Ridge: descriptors,descriptors,1,203,95,27,1,100.0,47.86688320237486,54.035121884047044,-3.1846983362199985,-0.011706651267854778
particle_size,size_mean,ridge_descriptors,Ridge: descriptors,descriptors,2,247,51,22,6,100.0,28.49537247566862,38.69573650848901,-0.03847122701876615,-0.1798919842650783
particle_size,size_mean,ridge_descriptors,Ridge: descriptors,descriptors,3,247,51,21,7,100.0,23.96313351710945,27.891758305074077,0.052123863165915774,0.4121723074211421
particle_size,size_mean,ridge_descriptors,Ridge: descriptors,descriptors,4,247,51,21,7,30.0,46.709041391486856,56.7006360097356,-0.6236228186388166,-0.4929139130385973
particle_size,size_mean,ridge_descriptors,Ridge: descriptors,descriptors,5,248,50,21,7,100.0,36.51367428869579,43.47272262916368,-0.11880345498688971,0.0035862049101594053
particle_size,size_mean,rf_descriptors,RF: descriptors,descriptors,1,203,95,27,1,,40.54560490085784,46.60628669401522,-2.113156046745388,0.16349720614660382
particle_size,size_mean,rf_descriptors,RF: descriptors,descriptors,2,247,51,22,6,,28.973582439688137,43.05607554146698,-0.2856925237415129,0.029810671678212976
particle_size,size_mean,rf_descriptors,RF: descriptors,descriptors,3,247,51,21,7,,24.014910316518847,29.145489238238575,-0.03500513176744735,0.3901322226251935
particle_size,size_mean,rf_descriptors,RF: descriptors,descriptors,4,247,51,21,7,,46.49570435637049,53.50662172495787,-0.4458536932464372,-0.3733974119968846
particle_size,size_mean,rf_descriptors,RF: descriptors,descriptors,5,248,50,21,7,,25.768156275714368,37.66909232835567,0.15997844622990676,0.4260214928890735
particle_size,size_mean,ridge_combined,Ridge: combined,combined,1,203,95,27,1,100.0,47.13125423599085,53.384370105664125,-3.0845115735989133,-0.041559486937451574
particle_size,size_mean,ridge_combined,Ridge: combined,combined,2,247,51,22,6,30.0,37.29247642054855,53.63398466797941,-0.9950250848967448,-0.1571635403352911
particle_size,size_mean,ridge_combined,Ridge: combined,combined,3,247,51,21,7,100.0,25.39345583857886,28.704346162629715,-0.003910787845175623,0.27231790106073006
particle_size,size_mean,ridge_combined,Ridge: combined,combined,4,247,51,21,7,30.0,46.45666148206017,56.76557548976133,-0.6273440326453681,-0.42560030286563577
particle_size,size_mean,ridge_combined,Ridge: combined,combined,5,248,50,21,7,100.0,35.98737414190374,43.72071760413192,-0.1316045409062423,-0.10215074141579815
particle_size,size_mean,rf_combined,RF: combined,combined,1,203,95,27,1,,39.32229634479735,45.486697119296785,-1.9653823031330875,0.22595061982248518
particle_size,size_mean,rf_combined,RF: combined,combined,2,247,51,22,6,,27.891773553026297,40.26060921103112,-0.12416204500815442,0.11444915632033313
particle_size,size_mean,rf_combined,RF: combined,combined,3,247,51,21,7,,24.806998327346253,29.155759060477276,-0.03573465744652049,0.27031857056737585
particle_size,size_mean,rf_combined,RF: combined,combined,4,247,51,21,7,,43.06277413423031,50.14005133469065,-0.26963484790984427,-0.29662177071964757
particle_size,size_mean,rf_combined,RF: combined,combined,5,248,50,21,7,,25.831036924445307,38.4080344085853,0.12669834649378353,0.4033053606796189
pdi,pdi_mean,baseline_mean,Mean baseline,none,1,175,95,20,1,,0.06618144360902255,0.08567146072785163,-0.49417762854767444,
pdi,pdi_mean,baseline_mean,Mean baseline,none,2,226,44,17,4,,0.06671440064360418,0.07852380317454553,-0.0073997110661556675,
pdi,pdi_mean,baseline_mean,Mean baseline,none,3,226,44,16,5,,0.05425502815768299,0.07210385831475027,-0.6553114249720058,
pdi,pdi_mean,baseline_mean,Mean baseline,none,4,226,44,16,5,,0.06509543443282381,0.07777994423182716,-0.03392002241444647,
pdi,pdi_mean,baseline_mean,Mean baseline,none,5,227,43,15,6,,0.05431743673803915,0.06309809267358658,-0.07330237410558249,
pdi,pdi_mean,ridge_composition,Ridge: composition,composition,1,175,95,20,1,100.0,0.06620676168542272,0.08570090140200746,-0.4952047420052639,
pdi,pdi_mean,ridge_composition,Ridge: composition,composition,2,226,44,17,4,100.0,0.06770519358080089,0.08298663621118639,-0.12516313071033935,0.1073886464001378
pdi,pdi_mean,ridge_composition,Ridge: composition,composition,3,226,44,16,5,100.0,0.056094575268254475,0.07232534593424804,-0.6654965690568213,-0.025428712427802726
pdi,pdi_mean,ridge_composition,Ridge: composition,composition,4,226,44,16,5,100.0,0.06548753759095356,0.07871270363510917,-0.05886684656555774,0.11765551679318927
pdi,pdi_mean,ridge_composition,Ridge: composition,composition,5,227,43,15,6,100.0,0.051152145366919186,0.05978375077671399,0.036490625788143105,0.46138605780089814
pdi,pdi_mean,rf_composition,RF: composition,composition,1,175,95,20,1,,0.06893331211546047,0.08887010583007052,-0.6078342683611748,
pdi,pdi_mean,rf_composition,RF: composition,composition,2,226,44,17,4,,0.06648362115807659,0.08070472601368517,-0.06413592538015123,0.14829147230489903
pdi,pdi_mean,rf_composition,RF: composition,composition,3,226,44,16,5,,0.06540595107765113,0.08020578241739756,-1.0482080221154244,-0.08872997527999249
pdi,pdi_mean,rf_composition,RF: composition,composition,4,226,44,16,5,,0.07355657392430884,0.09404562260244921,-0.5115720841903266,0.010069907157407252
pdi,pdi_mean,rf_composition,RF: composition,composition,5,227,43,15,6,,0.04157533199062964,0.048276652465383985,0.371704537622778,0.7271923633080128
pdi,pdi_mean,ridge_descriptors,Ridge: descriptors,descriptors,1,175,95,20,1,100.0,0.11033519723406518,0.13041343467781322,-2.462378577523908,-0.11677138121683114
pdi,pdi_mean,ridge_descriptors,Ridge: descriptors,descriptors,2,226,44,17,4,100.0,0.07391739699859166,0.0837673741690557,-0.14643378024985454,-0.08969541171138067
pdi,pdi_mean,ridge_descriptors,Ridge: descriptors,descriptors,3,226,44,16,5,100.0,0.047014221651448904,0.06537507709279419,-0.3607775360777059,-0.05339242851549011
pdi,pdi_mean,ridge_descriptors,Ridge: descriptors,descriptors,4,226,44,16,5,100.0,0.0683587142619684,0.09078788556963428,-0.40866425374877346,0.14700953159295185
pdi,pdi_mean,ridge_descriptors,Ridge: descriptors,descriptors,5,227,43,15,6,100.0,0.046843902904665904,0.056184625085060086,0.14900971689244702,0.5989026902330162
pdi,pdi_mean,rf_descriptors,RF: descriptors,descriptors,1,175,95,20,1,,0.07376796936450516,0.09390381302927317,-0.7951318024331444,0.07106802882772555
pdi,pdi_mean,rf_descriptors,RF: descriptors,descriptors,2,226,44,17,4,,0.08508264806270972,0.09744511966709767,-0.5513841744482739,-0.7032079553808244
pdi,pdi_mean,rf_descriptors,RF: descriptors,descriptors,3,226,44,16,5,,0.040734593570253066,0.058542748203569896,-0.09121145169187428,0.29998254295995674
pdi,pdi_mean,rf_descriptors,RF: descriptors,descriptors,4,226,44,16,5,,0.06906315232641475,0.09450938033860769,-0.5265165679807344,-0.12395616716944914
pdi,pdi_mean,rf_descriptors,RF: descriptors,descriptors,5,227,43,15,6,,0.041777931973690896,0.04786511081587707,0.38237087960289484,0.6907725827369131
pdi,pdi_mean,ridge_combined,Ridge: combined,combined,1,175,95,20,1,100.0,0.11097098663548988,0.13101180924173686,-2.4942242578985616,-0.12517855604968792
pdi,pdi_mean,ridge_combined,Ridge: combined,combined,2,226,44,17,4,100.0,0.06984763168997364,0.08200076786326203,-0.09858839933731822,-0.030867888282917165
pdi,pdi_mean,ridge_combined,Ridge: combined,combined,3,226,44,16,5,100.0,0.050920748850554996,0.06832461542242363,-0.48633633595733516,0.09790733662348476
pdi,pdi_mean,ridge_combined,Ridge: combined,combined,4,226,44,16,5,100.0,0.0682606615972202,0.09040397516191563,-0.39677593990221594,0.09673553061357755
pdi,pdi_mean,ridge_combined,Ridge: combined,combined,5,227,43,15,6,100.0,0.04692146538627785,0.05629629686848328,0.14562352203235418,0.5155917605268959
pdi,pdi_mean,rf_combined,RF: combined,combined,1,175,95,20,1,,0.07081599591823101,0.09091543347039417,-0.6826938732532877,0.1619579611540563
pdi,pdi_mean,rf_combined,RF: combined,combined,2,226,44,17,4,,0.07473439542388247,0.08791424975790822,-0.2627509936244623,-0.1257539060834965
pdi,pdi_mean,rf_combined,RF: combined,combined,3,226,44,16,5,,0.05405239137580884,0.0753849782242486,-0.8093906037501502,0.284882416459161
pdi,pdi_mean,rf_combined,RF: combined,combined,4,226,44,16,5,,0.0705425253035963,0.09610229861574708,-0.5784078849596559,-0.11747694210135001
pdi,pdi_mean,rf_combined,RF: combined,combined,5,227,43,15,6,,0.03665709839930651,0.043121884367063434,0.49871456282879556,0.7387231320198642
encapsulation_efficiency,ee_mean,baseline_mean,Mean baseline,none,1,172,95,26,1,,13.510162178702572,18.3833692061736,-0.6059832828948346,
encapsulation_efficiency,ee_mean,baseline_mean,Mean baseline,none,2,224,43,22,5,,22.933040905315625,27.384486564454622,-0.6746153044254262,
encapsulation_efficiency,ee_mean,baseline_mean,Mean baseline,none,3,224,43,21,6,,16.55604235880398,17.64194170458073,-0.5671815804971299,
encapsulation_efficiency,ee_mean,baseline_mean,Mean baseline,none,4,224,43,20,7,,17.94724356312292,19.084282794941966,-0.7900681931462052,
encapsulation_efficiency,ee_mean,baseline_mean,Mean baseline,none,5,224,43,19,8,,16.42337936046511,18.070777623517614,-1.1611507804877923,
encapsulation_efficiency,ee_mean,ridge_composition,Ridge: composition,composition,1,172,95,26,1,0.01,13.928201295719226,18.96212206841803,-0.7086955061819984,
encapsulation_efficiency,ee_mean,ridge_composition,Ridge: composition,composition,2,224,43,22,5,0.01,23.40975988653611,31.203381806780516,-1.17424850897749,-0.008573344411336581
encapsulation_efficiency,ee_mean,ridge_composition,Ridge: composition,composition,3,224,43,21,6,100.0,15.554606966652626,17.167079898228497,-0.4839504851754499,0.11397641797751205
encapsulation_efficiency,ee_mean,ridge_composition,Ridge: composition,composition,4,224,43,20,7,10.0,16.9353179099265,19.249958294905856,-0.8212831722671379,-0.03474896068450686
encapsulation_efficiency,ee_mean,ridge_composition,Ridge: composition,composition,5,224,43,19,8,100.0,15.12957962626028,17.026797070354593,-0.9186568344233932,-0.09661418184019857
encapsulation_efficiency,ee_mean,rf_composition,RF: composition,composition,1,172,95,26,1,,13.296460702329481,18.04679888194706,-0.5477155933765445,
encapsulation_efficiency,ee_mean,rf_composition,RF: composition,composition,2,224,43,22,5,,23.480608379610647,27.993982543691118,-0.7499886237578937,-0.02231096937486937
encapsulation_efficiency,ee_mean,rf_composition,RF: composition,composition,3,224,43,21,6,,10.693990954654872,13.048059867685293,0.14272840364321782,0.31618979327254404
encapsulation_efficiency,ee_mean,rf_composition,RF: composition,composition,4,224,43,20,7,,14.66436679049253,18.24710454304352,-0.636461564758871,0.30347935928209185
encapsulation_efficiency,ee_mean,rf_composition,RF: composition,composition,5,224,43,19,8,,10.330725069196157,13.261734035557806,-0.1639438037155656,0.5212267962237368
encapsulation_efficiency,ee_mean,ridge_descriptors,Ridge: descriptors,descriptors,1,172,95,26,1,3.0,37.74431470742064,40.640848806738504,-6.849036360128171,0.11848390991725666
encapsulation_efficiency,ee_mean,ridge_descriptors,Ridge: descriptors,descriptors,2,224,43,22,5,100.0,22.293309795923097,27.118067556930978,-0.6421897125982827,0.30150432606407607
encapsulation_efficiency,ee_mean,ridge_descriptors,Ridge: descriptors,descriptors,3,224,43,21,6,100.0,10.123446781357353,12.724099308155472,0.18476906105269808,0.34994308169963056
encapsulation_efficiency,ee_mean,ridge_descriptors,Ridge: descriptors,descriptors,4,224,43,20,7,30.0,15.899625507600772,18.89559340093972,-0.7548457948753196,0.1382060323884377
encapsulation_efficiency,ee_mean,ridge_descriptors,Ridge: descriptors,descriptors,5,224,43,19,8,30.0,9.5815813026676,13.818589246428445,-0.2637431088662541,0.06014759985637952
encapsulation_efficiency,ee_mean,rf_descriptors,RF: descriptors,descriptors,1,172,95,26,1,,13.608537101969391,18.0381507682764,-0.546232603131743,0.40510072882815884
encapsulation_efficiency,ee_mean,rf_descriptors,RF: descriptors,descriptors,2,224,43,22,5,,28.663356481288346,33.38308833940892,-1.4886216439699242,-0.2515371070055021
encapsulation_efficiency,ee_mean,rf_descriptors,RF: descriptors,descriptors,3,224,43,21,6,,9.560640488717466,14.534122371595775,-0.06366330818973842,0.10061627000002465
encapsulation_efficiency,ee_mean,rf_descriptors,RF: descriptors,descriptors,4,224,43,20,7,,15.280211218415005,18.18610351126462,-0.6255382994096641,-0.00893047803933258
encapsulation_efficiency,ee_mean,rf_descriptors,RF: descriptors,descriptors,5,224,43,19,8,,9.92782584717975,12.906873008189084,-0.10248695375824579,-0.006216904741020839
encapsulation_efficiency,ee_mean,ridge_combined,Ridge: combined,combined,1,172,95,26,1,30.0,27.33159178390501,31.030503948384695,-3.5758150118139067,0.09175984741162464
encapsulation_efficiency,ee_mean,ridge_combined,Ridge: combined,combined,2,224,43,22,5,100.0,23.576976497165674,28.323504984106986,-0.7914299950166404,0.10573560682702038
encapsulation_efficiency,ee_mean,ridge_combined,Ridge: combined,combined,3,224,43,21,6,100.0,9.833568992241931,12.155210532475797,0.25603667965118093,0.3923348329992818
encapsulation_efficiency,ee_mean,ridge_combined,Ridge: combined,combined,4,224,43,20,7,30.0,16.01263664143225,19.068241900942965,-0.7870602491908021,0.08141652907297524
encapsulation_efficiency,ee_mean,ridge_combined,Ridge: combined,combined,5,224,43,19,8,100.0,10.312688146552558,13.521655430362866,-0.2100160036709109,-0.31564985271033047
encapsulation_efficiency,ee_mean,rf_combined,RF: combined,combined,1,172,95,26,1,,12.903642076416817,16.846931890181974,-0.3487530549339817,0.37082044518729124
encapsulation_efficiency,ee_mean,rf_combined,RF: combined,combined,2,224,43,22,5,,26.29406054102794,30.78773895829582,-1.1167103911512113,0.13486838392770806
encapsulation_efficiency,ee_mean,rf_combined,RF: combined,combined,3,224,43,21,6,,10.095954425912755,13.904562932334624,0.02648816097036577,-0.03254253143798662
encapsulation_efficiency,ee_mean,rf_combined,RF: combined,combined,4,224,43,20,7,,13.53892368660885,16.169446834531914,-0.2850150510774856,-0.1823882431662819
encapsulation_efficiency,ee_mean,rf_combined,RF: combined,combined,5,224,43,19,8,,8.92681170447467,12.203863048647136,0.014342489142165848,0.1690981353805342
