held_out_paper_doi,model_id,model_label,n_test,mae,rmse,r2,spearman_rho,baseline_mae,mae_improvement_vs_baseline_pct,beats_baseline
10.1002/adma.201606944,baseline_mean,Mean baseline,2,51.03375,51.03375,0.0,,51.03375,0.0,False
10.1002/adma.201606944,rf_composition,RF: composition,2,75.40460560932792,75.40460560932792,0.0,,51.03375,-47.7543892215013,False
10.1002/adma.201606944,rf_descriptors,RF: descriptors,2,7.801440107235209,7.801440107235209,0.0,,51.03375,84.71317489458406,True
10.1002/adma.201606944,rf_combined,RF: combined,2,5.410574435444673,5.410574435444673,0.0,,51.03375,89.39804651736415,True
10.1002/anie.201809056,baseline_mean,Mean baseline,2,67.1418581081081,67.1418581081081,0.0,,67.1418581081081,0.0,False
10.1002/anie.201809056,rf_composition,RF: composition,2,91.68615171736437,91.68615171736437,0.0,,67.1418581081081,-36.555874831072465,False
10.1002/anie.201809056,rf_descriptors,RF: descriptors,2,40.95029688881095,41.530337195351414,0.0,,67.1418581081081,39.0092886275577,True
10.1002/anie.201809056,rf_combined,RF: combined,2,35.71695614967384,36.15825121310217,0.0,,67.1418581081081,46.803741874160856,True
10.1002/btm2.10580,baseline_mean,Mean baseline,8,12.52755172413792,13.42728759656808,-6.720460430401496,,12.52755172413792,0.0,False
10.1002/btm2.10580,rf_composition,RF: composition,8,18.575687755341242,20.851551165954366,-17.618442823098714,0.5155800469472482,12.52755172413792,-48.27867538993955,False
10.1002/btm2.10580,rf_descriptors,RF: descriptors,8,23.2743748311663,24.48520812746323,-24.672858025701373,0.5400617248673217,12.52755172413792,-85.78550177782577,False
10.1002/btm2.10580,rf_combined,RF: combined,8,29.39239651892568,30.386860891247114,-38.54014837058144,-0.3571428571428572,12.52755172413792,-134.62203282938995,False
10.1002/jbm.a.37705,baseline_mean,Mean baseline,3,30.32990960451976,34.89210472548046,-3.091535007305848,,30.32990960451976,0.0,False
10.1002/jbm.a.37705,rf_composition,RF: composition,3,54.93841257705662,57.58285102391552,-10.143413961307704,,30.32990960451976,-81.13609072171353,False
10.1002/jbm.a.37705,rf_descriptors,RF: descriptors,3,8.43314750962378,11.606400646496134,0.5472827394686808,1.0,30.32990960451976,72.1952764792709,True
10.1002/jbm.a.37705,rf_combined,RF: combined,3,15.649001026741336,22.42680906076115,-0.69031212913762,1.0,30.32990960451976,48.40406308230696,True
10.1002/smll.201805097,baseline_mean,Mean baseline,11,35.07947101678808,39.32859969200004,-2.9586097484068494,,35.07947101678808,0.0,False
10.1002/smll.201805097,rf_composition,RF: composition,11,18.606164978911647,21.961586088724147,-0.23439208138881984,,35.07947101678808,46.95996136883807,True
10.1002/smll.201805097,rf_descriptors,RF: descriptors,11,66.69724692153349,71.96525903622083,-12.254749020712659,-0.17272727272727276,35.07947101678808,-90.13184916504017,False
10.1002/smll.201805097,rf_combined,RF: combined,11,66.4515731763563,72.2863326828516,-12.373285219847089,-0.17272727272727276,35.07947101678808,-89.43151435936534,False
10.1016/j.jconrel.2019.10.028,baseline_mean,Mean baseline,16,46.50172872340423,46.68146685465848,-129.11014674380854,,46.50172872340423,0.0,False
10.1016/j.jconrel.2019.10.028,rf_composition,RF: composition,16,42.83100318546832,48.10282063011825,-137.1539365849845,0.5662353177085653,46.50172872340423,7.893739950550353,True
10.1016/j.jconrel.2019.10.028,rf_descriptors,RF: descriptors,16,6.837380718191616,7.69499612707589,-2.5354035146142855,,46.50172872340423,85.29650207444787,True
10.1016/j.jconrel.2019.10.028,rf_combined,RF: combined,16,8.503218529384277,10.468267137043005,-5.5429224322553345,-0.2159244011528662,46.50172872340423,81.71418834778797,True
10.1021/acs.jpcb.5b02891,baseline_mean,Mean baseline,8,53.75,56.9983357841725,-0.029835849720544205,,53.75,0.0,False
10.1021/acs.jpcb.5b02891,rf_composition,RF: composition,8,53.75,60.053623958943604,-0.14319968320228393,0.11043152607484653,53.75,0.0,False
10.1021/acs.jpcb.5b02891,rf_descriptors,RF: descriptors,8,56.50962954500828,64.78607802809434,-0.3304759683050471,,53.75,-5.134194502340987,False
10.1021/acs.jpcb.5b02891,rf_combined,RF: combined,8,53.75,56.48054565051376,-0.011210155357628704,0.11043152607484653,53.75,0.0,False
10.1021/acs.nanolett.5b02497,baseline_mean,Mean baseline,2,28.381722972972966,32.33840130424789,-3.352849943452992,,28.381722972972966,0.0,False
10.1021/acs.nanolett.5b02497,rf_composition,RF: composition,2,32.60682043033586,38.47342597418875,-5.1611009622950315,,28.381722972972966,-14.886684157217381,False
10.1021/acs.nanolett.5b02497,rf_descriptors,RF: descriptors,2,16.053550375803326,22.315162550796153,-1.0727012681309267,,28.381722972972966,43.43701264686918,True
10.1021/acs.nanolett.5b02497,rf_combined,RF: combined,2,20.133803422674518,20.30111719911474,-0.7154437441506438,,28.381722972972966,29.06067245513137,True
10.1021/jacs.2c12893,baseline_mean,Mean baseline,2,38.736216216216214,39.07115907865355,-57.57618692086954,,38.736216216216214,0.0,False
10.1021/jacs.2c12893,rf_composition,RF: composition,2,41.12743933568948,49.0767397337092,-91.41871272869102,,38.736216216216214,-6.173094207565438,False
10.1021/jacs.2c12893,rf_descriptors,RF: descriptors,2,4.906299187623169,6.269090513450551,-0.508056412433346,,38.736216216216214,87.33407733931112,True
10.1021/jacs.2c12893,rf_combined,RF: combined,2,2.7875234920225935,3.511110493882889,0.5269603977489541,,38.736216216216214,92.8038312351849,True
10.1039/C9NR02004G,baseline_mean,Mean baseline,1,107.05047138047138,107.05047138047138,,,107.05047138047138,0.0,False
10.1039/C9NR02004G,rf_composition,RF: composition,1,93.19713449734694,93.19713449734694,,,107.05047138047138,12.940939637610628,True
10.1039/C9NR02004G,rf_descriptors,RF: descriptors,1,96.3919593607982,96.3919593607982,,,107.05047138047138,9.956529739875164,True
10.1039/C9NR02004G,rf_combined,RF: combined,1,91.03770093968025,91.03770093968025,,,107.05047138047138,14.958150332547019,True
10.1073/pnas.1209367109,baseline_mean,Mean baseline,1,20.17646464646465,20.17646464646465,,,20.17646464646465,0.0,False
10.1073/pnas.1209367109,rf_composition,RF: composition,1,54.23980355949736,54.23980355949736,,,20.17646464646465,-168.82709389328687,False
10.1073/pnas.1209367109,rf_descriptors,RF: descriptors,1,51.28797753155372,51.28797753155372,,,20.17646464646465,-154.19704804697028,False
10.1073/pnas.1209367109,rf_combined,RF: combined,1,48.86050925542526,48.86050925542526,,,20.17646464646465,-142.16586062804944,False
https://doi.org/10.1016/j.ijpharm.2023.123050,baseline_mean,Mean baseline,3,30.95818079096045,35.276275690920826,-0.3631622005351347,,30.95818079096045,0.0,False
https://doi.org/10.1016/j.ijpharm.2023.123050,rf_composition,RF: composition,3,40.2728649980643,51.138739754495916,-1.8647196121108265,-0.8660254037844387,30.95818079096045,-30.087957267255394,False
https://doi.org/10.1016/j.ijpharm.2023.123050,rf_descriptors,RF: descriptors,3,26.661477742563136,30.678453841196436,-0.030977089919399292,,30.95818079096045,13.87905535344609,True
https://doi.org/10.1016/j.ijpharm.2023.123050,rf_combined,RF: combined,3,25.988435639823113,30.58475232811616,-0.024688860120479994,-0.8660254037844387,30.95818079096045,16.05309170036395,True
https://doi.org/10.1016/j.jconrel.2025.01.071,baseline_mean,Mean baseline,8,55.080491379310345,55.753661425289394,-1.1717664947945008,,55.080491379310345,0.0,False
https://doi.org/10.1016/j.jconrel.2025.01.071,rf_composition,RF: composition,8,20.04009306910295,40.14470827712603,-0.12595997972961648,,55.080491379310345,63.6167133457518,True
https://doi.org/10.1016/j.jconrel.2025.01.071,rf_descriptors,RF: descriptors,8,35.28448540696783,40.5371335871193,-0.1480806945019344,,55.080491379310345,35.940140468279125,True
https://doi.org/10.1016/j.jconrel.2025.01.071,rf_combined,RF: combined,8,31.080998872522258,38.8777693314631,-0.05601240345724601,,55.080491379310345,43.571674663387114,True
https://doi.org/10.1016/j.jpha.2024.100996,baseline_mean,Mean baseline,24,64.00972019464719,65.72768190257368,-18.38286427889619,,64.00972019464719,0.0,False
https://doi.org/10.1016/j.jpha.2024.100996,rf_composition,RF: composition,24,35.82272875783985,38.59400730714676,-5.682840143580927,0.3783433332079392,64.00972019464719,44.035486096632674,True
https://doi.org/10.1016/j.jpha.2024.100996,rf_descriptors,RF: descriptors,24,50.45289016489027,52.491643399682864,-11.3623678702639,-0.02965221688730199,64.00972019464719,21.179330246300008,True
https://doi.org/10.1016/j.jpha.2024.100996,rf_combined,RF: combined,24,42.0668577506837,44.45864469814775,-7.868164936683661,0.35685022583031045,64.00972019464719,34.28051611104911,True
https://doi.org/10.1016/j.omtn.2019.01.013,baseline_mean,Mean baseline,2,29.891858108108096,29.891858108108096,0.0,,29.891858108108096,0.0,False
https://doi.org/10.1016/j.omtn.2019.01.013,rf_composition,RF: composition,2,10.832436567602386,10.832436567602386,0.0,,29.891858108108096,63.76124719839977,True
https://doi.org/10.1016/j.omtn.2019.01.013,rf_descriptors,RF: descriptors,2,7.507513440635002,7.951025776623025,0.0,,29.891858108108096,74.88442032113551,True
https://doi.org/10.1016/j.omtn.2019.01.013,rf_combined,RF: combined,2,8.409958438646996,8.512895958831956,0.0,,29.891858108108096,71.8653875305068,True
https://doi.org/10.1016/j.ymthe.2018.03.010,baseline_mean,Mean baseline,11,39.130234399746605,42.612593591601,-0.6245276790501244,,39.130234399746605,0.0,False
https://doi.org/10.1016/j.ymthe.2018.03.010,rf_composition,RF: composition,11,31.334338727975418,34.69431137707128,-0.07688102091837745,,39.130234399746605,19.92294651785084,True
https://doi.org/10.1016/j.ymthe.2018.03.010,rf_descriptors,RF: descriptors,11,24.039311224310744,28.423477879704922,0.2772208551857591,0.5818181818181819,39.130234399746605,38.5658900513348,True
https://doi.org/10.1016/j.ymthe.2018.03.010,rf_combined,RF: combined,11,23.639239210418076,31.145463295572963,0.13215778868817274,0.5181818181818182,39.130234399746605,39.58830154472278,True
https://doi.org/10.1021/acs.nanolett.1c01353,baseline_mean,Mean baseline,1,45.99558922558923,45.99558922558923,,,45.99558922558923,0.0,False
https://doi.org/10.1021/acs.nanolett.1c01353,rf_composition,RF: composition,1,70.15325560665818,70.15325560665818,,,45.99558922558923,-52.52170216275662,False
https://doi.org/10.1021/acs.nanolett.1c01353,rf_descriptors,RF: descriptors,1,3.3968698371146786,3.3968698371146786,,,45.99558922558923,92.61479221310886,True
https://doi.org/10.1021/acs.nanolett.1c01353,rf_combined,RF: combined,1,3.1647512334025265,3.1647512334025265,,,45.99558922558923,93.11944626281284,True
https://doi.org/10.1038/s41434-022-00370-1,baseline_mean,Mean baseline,3,67.92315254237288,71.09874217232158,-0.012085785868845234,,67.92315254237288,0.0,False
https://doi.org/10.1038/s41434-022-00370-1,rf_composition,RF: composition,3,62.5375918326078,79.26887097687671,-0.2580527040740914,-0.5,67.92315254237288,7.928902749920756,True
https://doi.org/10.1038/s41434-022-00370-1,rf_descriptors,RF: descriptors,3,59.01477373395266,73.17092609339448,-0.07194028804691621,,67.92315254237288,13.115378887725882,True
https://doi.org/10.1038/s41434-022-00370-1,rf_combined,RF: combined,3,55.538551304154886,80.26991333902212,-0.29002782717314224,0.5,67.92315254237288,18.233254456927682,True
https://doi.org/10.1038/s41467-022-33157-4,baseline_mean,Mean baseline,7,30.185562101129108,40.73254064756024,-0.20208860665901063,,30.185562101129108,0.0,False
https://doi.org/10.1038/s41467-022-33157-4,rf_composition,RF: composition,7,41.7039615480199,53.64326051667659,-1.0848932145132983,0.4113766756037212,30.185562101129108,-38.15863825328579,False
https://doi.org/10.1038/s41467-022-33157-4,rf_descriptors,RF: descriptors,7,52.6917688472705,64.4719845356762,-2.0115880070154013,,30.185562101129108,-74.55950851847658,False
https://doi.org/10.1038/s41467-022-33157-4,rf_combined,RF: combined,7,46.54131733258756,58.06336362612807,-1.4426309961248056,0.9349469900084572,30.185562101129108,-54.184033998315556,False
https://doi.org/10.1038/s41467-024-45422-9,baseline_mean,Mean baseline,95,61.54750064817216,66.97630916599806,-5.429161099139284,,61.54750064817216,0.0,False
https://doi.org/10.1038/s41467-024-45422-9,rf_composition,RF: composition,95,47.5510497962989,53.53154633463161,-3.107063929646361,,61.54750064817216,22.740892326208424,True
https://doi.org/10.1038/s41467-024-45422-9,rf_descriptors,RF: descriptors,95,40.54560490085784,46.60628669401522,-2.113156046745388,0.16349720614660382,61.54750064817216,34.123068404302515,True
https://doi.org/10.1038/s41467-024-45422-9,rf_combined,RF: combined,95,39.32229634479735,45.486697119296785,-1.9653823031330875,0.22595061982248518,61.54750064817216,36.11065286049898,True
https://doi.org/10.1038/s41467-024-50619-z,baseline_mean,Mean baseline,29,10.36473913600821,11.66831601998242,-0.2657196861304969,,10.36473913600821,0.0,False
https://doi.org/10.1038/s41467-024-50619-z,rf_composition,RF: composition,29,23.55452187638017,25.736791659781947,-5.157862439934175,,10.36473913600821,-127.25629238992855,False
https://doi.org/10.1038/s41467-024-50619-z,rf_descriptors,RF: descriptors,29,22.422216489349204,26.116897381274754,-5.341096090823229,0.34155066266976747,10.36473913600821,-116.33170111780268,False
https://doi.org/10.1038/s41467-024-50619-z,rf_combined,RF: combined,29,20.982578516221636,24.019186496170096,-4.363369989627782,0.2880562607936653,10.36473913600821,-102.44193549769064,False
https://doi.org/10.1038/s41587-019-0247-3,baseline_mean,Mean baseline,34,29.259558823529414,37.02997046436726,-0.22939836897321597,,29.259558823529414,0.0,False
https://doi.org/10.1038/s41587-019-0247-3,rf_composition,RF: composition,34,30.850359077209955,43.1605130767181,-0.6701639251540283,0.3780461050032739,29.259558823529414,-5.436856595395009,False
https://doi.org/10.1038/s41587-019-0247-3,rf_descriptors,RF: descriptors,34,21.667904276396378,36.21138781921348,-0.1756451070204854,,29.259558823529414,25.945895469305977,True
https://doi.org/10.1038/s41587-019-0247-3,rf_combined,RF: combined,34,20.747553865659977,35.64332321850223,-0.1390486640847406,0.36315151841297433,29.259558823529414,29.09136466891773,True
https://doi.org/10.1073/pnas.2303567120,baseline_mean,Mean baseline,3,48.650836158192085,49.73462271016995,-0.37418483117941825,,48.650836158192085,0.0,False
https://doi.org/10.1073/pnas.2303567120,rf_composition,RF: composition,3,40.48924578625796,42.451787394105565,-0.0011968071968557759,,48.650836158192085,16.775848097237343,True
https://doi.org/10.1073/pnas.2303567120,rf_descriptors,RF: descriptors,3,40.24187361782189,42.432611581459184,-0.00029251423499121465,,48.650836158192085,17.284312469014473,True
https://doi.org/10.1073/pnas.2303567120,rf_combined,RF: combined,3,40.10051571058572,42.42747848591371,-5.051704037284388e-05,,48.650836158192085,17.574868435568746,True
https://doi.org/10.1101/2023.11.09.565872,baseline_mean,Mean baseline,2,40.53327702702702,41.08819108393209,-36.273820986285216,,40.53327702702702,0.0,False
https://doi.org/10.1101/2023.11.09.565872,rf_composition,RF: composition,2,22.10648115260711,23.108210855680138,-10.789693504954943,,40.53327702702702,45.460908236294785,True
https://doi.org/10.1101/2023.11.09.565872,rf_descriptors,RF: descriptors,2,5.398773935637706,6.125534648455154,0.1715660792436644,,40.53327702702702,86.68063790638521,True
https://doi.org/10.1101/2023.11.09.565872,rf_combined,RF: combined,2,18.608767407925335,19.665232635811993,-7.538233909080795,,40.53327702702702,54.090148212005474,True
https://doi.org/10.1101/2024.09.27.614859,baseline_mean,Mean baseline,1,62.400639730639725,62.400639730639725,,,62.400639730639725,0.0,False
https://doi.org/10.1101/2024.09.27.614859,rf_composition,RF: composition,1,43.82552817623245,43.82552817623245,,,62.400639730639725,29.767501799002538,True
https://doi.org/10.1101/2024.09.27.614859,rf_descriptors,RF: descriptors,1,25.736794275002865,25.736794275002865,,,62.400639730639725,58.755560221659586,True
https://doi.org/10.1101/2024.09.27.614859,rf_combined,RF: combined,1,23.286009470251926,23.286009470251926,,,62.400639730639725,62.683059707770724,True
https://doi.org/10.1248/cpb.c24-00089,baseline_mean,Mean baseline,9,51.372168396770476,56.824824749814475,-0.11022691219180003,,51.372168396770476,0.0,False
https://doi.org/10.1248/cpb.c24-00089,rf_composition,RF: composition,9,58.262673229197304,73.09758924601155,-0.8371374438203822,,51.372168396770476,-13.412914127370183,False
https://doi.org/10.1248/cpb.c24-00089,rf_descriptors,RF: descriptors,9,50.83215489583041,55.48549221498707,-0.058508687076017196,,51.372168396770476,1.0511791068838958,True
https://doi.org/10.1248/cpb.c24-00089,rf_combined,RF: combined,9,51.659721901234576,57.69258482163237,-0.1443939020803484,,51.372168396770476,-0.5597457016865516,False
https://doi.org/10.34133/bmr.0017,baseline_mean,Mean baseline,5,52.494013651877125,52.792692726204656,-87.62766169917036,,52.494013651877125,0.0,False
https://doi.org/10.34133/bmr.0017,rf_composition,RF: composition,5,44.71504040717988,46.41769311857601,-67.51549017208856,-0.26352313834736496,52.494013651877125,14.818781616290224,True
https://doi.org/10.34133/bmr.0017,rf_descriptors,RF: descriptors,5,38.938227654111955,45.17329963338249,-63.891123248616466,-0.5773502691896257,52.494013651877125,25.823489298537243,True
https://doi.org/10.34133/bmr.0017,rf_combined,RF: combined,5,38.49913096206015,45.895888731263874,-65.98371512037147,-0.26352313834736496,52.494013651877125,26.6599593291273,True
https://dx.doi.org/10.1021/acs.nanolett.0c01386,baseline_mean,Mean baseline,5,36.30030716723549,36.982594560626055,-26.354246008712963,,36.30030716723549,0.0,False
https://dx.doi.org/10.1021/acs.nanolett.0c01386,rf_composition,RF: composition,5,19.83086132281079,21.05381345040734,-7.86526121609106,,36.30030716723549,45.36999031041245,True
https://dx.doi.org/10.1021/acs.nanolett.0c01386,rf_descriptors,RF: descriptors,5,12.460187760449898,14.32676791972514,-3.1051255805133087,,36.30030716723549,65.67470434052852,True
https://dx.doi.org/10.1021/acs.nanolett.0c01386,rf_combined,RF: combined,5,18.68974353687382,19.982655315901255,-6.986130269482335,,36.30030716723549,48.513538877866274,True
